startTimeHrs,startTimeMin,endTimeHrs,endTimeMin,pogId,offerName,offerImageUrl,offerMobImageUrl,offerPageUrl,offerMobPageUrl,highlights,tagLine,priceSlab,buttonImageUrl,buttonMobImageUrl,categoryName
0,0,23,59,,,https://i3.sdlcdn.com/img/campaign/d4f922bd14/HDFCOffer_NMP_1600.jpg,https://i4.sdlcdn.com/img/campaign/887047808c/HDFCOffer_NMP_768.jpg,https://www.snapdeal.com/offers/hdfc-bankoffer,https://m.snapdeal.com/offers/hdfc-bankoffer,,,,,,bankstripe
0,0,23,59,,,https://n2.sdlcdn.com/imgs/d/2/z/vj_NBA_card_NMP_5-e9e70.jpg,https://n2.sdlcdn.com/imgs/d/2/z/vj_NBA_card_NMP_App_5-8a56e.jpg,https://www.snapdeal.com/offers/sdbankoffer,https://m.snapdeal.com/offers/sdbankoffer,,,,,,generic5percent
0,0,23,59,,,https://i1.sdlcdn.com/img/campaign/a752968751/SBIOFFER_NMP_1920x140.jpg,https://i1.sdlcdn.com/img/campaign/987dbb7614/SBIOFFER_NMP_768x140.jpg,https://www.snapdeal.com/offers/sbi-bankoffer,https://m.snapdeal.com/offers/sbi-bankoffer,,,,,,sbi10
0,0,23,59,,,https://i2.sdlcdn.com/img/campaign/978d90235e/NMP_WEB_AXISBANKOFFER.jpg,https://i2.sdlcdn.com/img/campaign/af36a4dafa/NMP_APP_AXISBANKOFFER.jpg,https://www.snapdeal.com/offers/axisbank-offer,https://m.snapdeal.com/offers/axisbank-offer,,,,,,Axix
0,0,23,59,,,https://i3.sdlcdn.com/img/campaign/a0a45e329e/AMX_BankOffer_NMP_1660x100.jpg,https://i1.sdlcdn.com/img/campaign/878774f314/AMX_BankOffer_NMP_768x100.jpg,https://www.snapdeal.com/offers/amex-bankoffer,https://m.snapdeal.com/offers/amex-bankoffer,,,,,,amex
0,0,23,59,646895413430,Samsung Evo Plus 32 GB Micro SDHC Class 10 80MB/s (with SD Adapter),https://n1.sdlcdn.com/imgs/a/x/h/230x258/Samsung-32-GB-UHS-I-SDL814022973-1-89177.jpg,https://n1.sdlcdn.com/imgs/a/x/h/230x258/Samsung-32-GB-UHS-I-SDL814022973-1-89177.jpg,https://www.snapdeal.com/product/samsung-32-gb-uhsi-80mbs/646895413430?MID=15thDec|WEB|SDOD1|All|DOD|SamsungEvoPlus32GBMicroSDHCClass1080MB/s(withSDAdapter)|646895413430,https://m.snapdeal.com/product/samsung-32-gb-uhsi-80mbs/646895413430?MID=15thDec|WAP|SDOD1|All|DOD|SamsungEvoPlus32GBMicroSDHCClass1080MB/s(withSDAdapter)|646895413430,,,,,,superDodDouble_01
0,0,23,59,667339607625,Woodland Tan Formal Regular Wallet,https://n1.sdlcdn.com/imgs/d/5/o/230x258/Woodland-Tan-Formal-Regular-Wallet-SDL447474775-1-05a51.jpg,https://n1.sdlcdn.com/imgs/d/5/o/230x258/Woodland-Tan-Formal-Regular-Wallet-SDL447474775-1-05a51.jpg,https://www.snapdeal.com/product/woodland-tan-formal-regular-wallet/667339607625?MID=15thDec|WEB|SDOD2|All|DOD|WoodlandTanFormalRegularWallet|667339607625,https://m.snapdeal.com/product/woodland-tan-formal-regular-wallet/667339607625?MID=15thDec|WAP|SDOD2|All|DOD|WoodlandTanFormalRegularWallet|667339607625,,,,,,superDodDouble_01
0,0,23,59,423142,Jabra BT2046 Wireless Bluetooth Headset,https://n1.sdlcdn.com/imgs/b/s/6/230x258/1530617_1-89dd0.jpg,https://n1.sdlcdn.com/imgs/b/s/6/230x258/1530617_1-89dd0.jpg,https://www.snapdeal.com/product/jabra-bluetooth-bt2046/423142?MID=15thDec|WEB|Christmas3|All|DOD|JabraBT2046WirelessBluetoothHeadset|423142,https://m.snapdeal.com/product/jabra-bluetooth-bt2046/423142?MID=15thDec|WAP|Christmas3|All|DOD|JabraBT2046WirelessBluetoothHeadset|423142,,,713,Mobiles & Tablets,1,DealofDayOffers
0,0,23,59,1703779364,Ambrane P-1000 10400 mAH Micro-B USB Power Bank,https://n1.sdlcdn.com/imgs/b/s/6/230x258/SDL116289746_1-1723d.jpg,https://n1.sdlcdn.com/imgs/b/s/6/230x258/SDL116289746_1-1723d.jpg,https://www.snapdeal.com/product/ambrane-power-bank-p1000-10400mah/1703779364?MID=15thDec|WEB|Christmas4|All|DOD|AmbraneP_100010400mAHMicro_BUSBPowerBank|1703779364,https://m.snapdeal.com/product/ambrane-power-bank-p1000-10400mah/1703779364?MID=15thDec|WAP|Christmas4|All|DOD|AmbraneP_100010400mAHMicro_BUSBPowerBank|1703779364,,,1050,Mobiles & Tablets,1,DealofDayOffers
0,0,23,59,675796316826,Intex it-pb10.4k 10400 mAh Li-Ion Power Bank,https://n1.sdlcdn.com/imgs/b/w/3/230x258/Intex-IT-PB10-4K-10400mAh-SDL305624228-1-f920a.jpg,https://n1.sdlcdn.com/imgs/b/w/3/230x258/Intex-IT-PB10-4K-10400mAh-SDL305624228-1-f920a.jpg,https://www.snapdeal.com/product/intex-itpb104k-10400mah-power-bank/675796316826?MID=15thDec|WEB|Christmas5|All|DOD|Intexit_pb104k10400mAhLi_IonPowerBank|675796316826,https://m.snapdeal.com/product/intex-itpb104k-10400mah-power-bank/675796316826?MID=15thDec|WAP|Christmas5|All|DOD|Intexit_pb104k10400mAhLi_IonPowerBank|675796316826,,,764,Mobiles & Tablets,1,DealofDayOffers
0,0,23,59,642736115202,I Kall K12 (64 MB) Blue,https://n1.sdlcdn.com/imgs/b/6/o/230x258/I-Kall-K12-4GB-and-SDL861113363-1-b24aa.jpg,https://n1.sdlcdn.com/imgs/b/6/o/230x258/I-Kall-K12-4GB-and-SDL861113363-1-b24aa.jpg,https://www.snapdeal.com/product/i-kall-k12-4gb-and/642736115202?MID=15thDec|WEB|Christmas6|All|DOD|IKallK12(64MB)Blue|642736115202,https://m.snapdeal.com/product/i-kall-k12-4gb-and/642736115202?MID=15thDec|WAP|Christmas6|All|DOD|IKallK12(64MB)Blue|642736115202,,,540,Mobiles & Tablets,1,DealofDayOffers
0,0,23,59,618810562761,KSJ VR02 Virtual Reality 3D Glass - White,https://n1.sdlcdn.com/imgs/c/b/e/230x258/KSJ-VR02-Virtual-Reality-3D-SDL638611829-1-614af.jpg,https://n1.sdlcdn.com/imgs/c/b/e/230x258/KSJ-VR02-Virtual-Reality-3D-SDL638611829-1-614af.jpg,https://www.snapdeal.com/product/ksj-vr02-virtual-reality-3d/618810562761?MID=15thDec|WEB|Books7|All|DOD|KSJVR02VirtualReality3DGlass_White|618810562761,https://m.snapdeal.com/product/ksj-vr02-virtual-reality-3d/618810562761?MID=15thDec|WAP|Books7|All|DOD|KSJVR02VirtualReality3DGlass_White|618810562761,,,407,Mobiles & Tablets,1,DealofDayOffers
0,0,23,59,655097422483,FJCK Generic iOS 789.0 Cable for iPhone 5 5S 6 and 6s,https://n1.sdlcdn.com/imgs/b/a/q/230x258/Generic-iOS-7-Cable-for-SDL963870853-1-6ebee.jpg,https://n1.sdlcdn.com/imgs/b/a/q/230x258/Generic-iOS-7-Cable-for-SDL963870853-1-6ebee.jpg,https://www.snapdeal.com/product/generic-ios-7-cable-for/655097422483?MID=15thDec|WEB|Books8|All|DOD|FJCKGenericiOS7890CableforiPhone55S6and6s|655097422483,https://m.snapdeal.com/product/generic-ios-7-cable-for/655097422483?MID=15thDec|WAP|Books8|All|DOD|FJCKGenericiOS7890CableforiPhone55S6and6s|655097422483,,,203,Mobiles & Tablets,1,DealofDayOffers
0,0,23,59,651717397179,Whirlpool 20 Ltr Magicook Deluxe Black (New) Grill Microwave,https://n1.sdlcdn.com/imgs/d/1/j/230x258/sdl984614493-3d8e1.jpg,https://n1.sdlcdn.com/imgs/d/1/j/230x258/sdl984614493-3d8e1.jpg,https://www.snapdeal.com/product/whirlpool-20ltrs-magicook-20g-123/651717397179?MID=15thDec|WEB|Books9|All|DOD|Whirlpool20LtrMagicookDeluxeBlack(New)GrillMicrowave|651717397179,https://m.snapdeal.com/product/whirlpool-20ltrs-magicook-20g-123/651717397179?MID=15thDec|WAP|Books9|All|DOD|Whirlpool20LtrMagicookDeluxeBlack(New)GrillMicrowave|651717397179,,,7130,Electronics,1,DealofDayOffers
0,0,23,59,584076,Orient 3 Ltr 3KW WT0301P Instant Geyser White,https://n1.sdlcdn.com/imgs/c/x/6/230x258/Orient-Actus-3L-3KW-WT0301P-1721353-1-4da76.jpg,https://n1.sdlcdn.com/imgs/c/x/6/230x258/Orient-Actus-3L-3KW-WT0301P-1721353-1-4da76.jpg,https://www.snapdeal.com/product/orient-actus-instant-geyser-3/584076?MID=15thDec|WEB|Books10|All|DOD|Orient3Ltr3KWWT0301PInstantGeyserWhite|584076,https://m.snapdeal.com/product/orient-actus-instant-geyser-3/584076?MID=15thDec|WAP|Books10|All|DOD|Orient3Ltr3KWWT0301PInstantGeyserWhite|584076,,,2549,Electronics,1,DealofDayOffers
0,0,23,59,583921,Bajaj 1000W Immersion Rod,https://n1.sdlcdn.com/imgs/a/i/g/230x258/Bajaj-1000W-Immersion-Rod-1721143-1-37c8d.jpg,https://n1.sdlcdn.com/imgs/a/i/g/230x258/Bajaj-1000W-Immersion-Rod-1721143-1-37c8d.jpg,https://www.snapdeal.com/product/bajaj-immersion-heater-1000w/583921?MID=15thDec|WEB|Electronics11|All|DOD|Bajaj1000WImmersionRod|583921,https://m.snapdeal.com/product/bajaj-immersion-heater-1000w/583921?MID=15thDec|WAP|Electronics11|All|DOD|Bajaj1000WImmersionRod|583921,,,438,Electronics,1,DealofDayOffers
0,0,23,59,591099,Bajaj RX10 Room Heater,https://n1.sdlcdn.com/imgs/a/i/g/230x258/Bajaj-RX10-Room-Heater-1731410-1-976cf.jpg,https://n1.sdlcdn.com/imgs/a/i/g/230x258/Bajaj-RX10-Room-Heater-1731410-1-976cf.jpg,https://www.snapdeal.com/product/bajaj-majesty-rx10-room-heater/591099?MID=15thDec|WEB|Electronics12|All|DOD|BajajRX10RoomHeater|591099,https://m.snapdeal.com/product/bajaj-majesty-rx10-room-heater/591099?MID=15thDec|WAP|Electronics12|All|DOD|BajajRX10RoomHeater|591099,,,2549,Electronics,1,DealofDayOffers
0,0,23,59,223434,Bajaj DX7 Dry Iron White,https://n1.sdlcdn.com/imgs/b/v/a/230x258/Untitlwe1ed-0df09.jpg,https://n1.sdlcdn.com/imgs/b/v/a/230x258/Untitlwe1ed-0df09.jpg,https://www.snapdeal.com/product/bajaj-dx7-dry-iron-white/223434?MID=15thDec|WEB|Electronics13|All|DOD|BajajDX7DryIronWhite|223434,https://m.snapdeal.com/product/bajaj-dx7-dry-iron-white/223434?MID=15thDec|WAP|Electronics13|All|DOD|BajajDX7DryIronWhite|223434,,,611,Electronics,1,DealofDayOffers
0,0,23,59,646249965141,Philips HP 8302/00 Essential Hair Straightener,https://n1.sdlcdn.com/imgs/c/a/1/230x258/Philips-Philips-Hp8302-Essiential-Hair-SDL236892363-1-3d0c4.jpg,https://n1.sdlcdn.com/imgs/c/a/1/230x258/Philips-Philips-Hp8302-Essiential-Hair-SDL236892363-1-3d0c4.jpg,https://www.snapdeal.com/product/philips-philips-hp8302-essiential-hair/646249965141?MID=15thDec|WEB|Electronics14|All|DOD|PhilipsHP8302/00EssentialHairStraightener|646249965141,https://m.snapdeal.com/product/philips-philips-hp8302-essiential-hair/646249965141?MID=15thDec|WAP|Electronics14|All|DOD|PhilipsHP8302/00EssentialHairStraightener|646249965141,,,866,Electronics,1,DealofDayOffers
0,0,23,59,1492899,Philips AT 610 Shaver - Black,https://n1.sdlcdn.com/imgs/b/s/7/230x258/SDL588108570_1-ab355.jpg,https://n1.sdlcdn.com/imgs/b/s/7/230x258/SDL588108570_1-ab355.jpg,https://www.snapdeal.com/product/philips-aqua-touch-shaver-at/1492899?MID=15thDec|WEB|Electronics15|All|DOD|PhilipsAT610Shaver_Black|1492899,https://m.snapdeal.com/product/philips-aqua-touch-shaver-at/1492899?MID=15thDec|WAP|Electronics15|All|DOD|PhilipsAT610Shaver_Black|1492899,,,1500,Electronics,1,DealofDayOffers
0,0,23,59,1727575795,Nova NHT 1045 W Beard Trimmer White,https://n1.sdlcdn.com/imgs/b/t/g/230x258/SDL062304542_M_1_2x-d6650.jpg,https://n1.sdlcdn.com/imgs/b/t/g/230x258/SDL062304542_M_1_2x-d6650.jpg,https://www.snapdeal.com/product/nova-nht-1045-trimmers-white/1727575795?MID=15thDec|WEB|Electronics16|All|DOD|NovaNHT1045WBeardTrimmerWhite|1727575795,https://m.snapdeal.com/product/nova-nht-1045-trimmers-white/1727575795?MID=15thDec|WAP|Electronics16|All|DOD|NovaNHT1045WBeardTrimmerWhite|1727575795,,,305,Electronics,1,DealofDayOffers
0,0,23,59,628651283582,Godrej 185 Ltr 4 Star RD EDGE 185 E1 4.2 Single Door Refrigerator,https://n1.sdlcdn.com/imgs/b/7/6/230x258/Godrej-RD-EDGE-185-E1-SDL036779356-1-0220a.jpeg,https://n1.sdlcdn.com/imgs/b/7/6/230x258/Godrej-RD-EDGE-185-E1-SDL036779356-1-0220a.jpeg,https://www.snapdeal.com/product/godrej-rd-edge-185-e1/628651283582?MID=15thDec|WEB|Electronics17|All|DOD|Godrej185Ltr4StarRDEDGE185E142SingleDoorRefrigerator|628651283582,https://m.snapdeal.com/product/godrej-rd-edge-185-e1/628651283582?MID=15thDec|WAP|Electronics17|All|DOD|Godrej185Ltr4StarRDEDGE185E142SingleDoorRefrigerator|628651283582,,,10700,Electronics,1,DealofDayOffers
0,0,23,59,649232258803,LG 6 Kg FH0B8NDL22 Fully Automatic Front Load Washing Machine White,https://n1.sdlcdn.com/imgs/c/v/1/230x258/sdl253610645_v1_1_-70f9e.jpg,https://n1.sdlcdn.com/imgs/c/v/1/230x258/sdl253610645_v1_1_-70f9e.jpg,https://www.snapdeal.com/product/lg-6-fh0b8ndl2-fully-automatic/649232258803?MID=15thDec|WEB|Electronics18|All|DOD|LG6KgFH0B8NDL22FullyAutomaticFrontLoadWashingMachineWhite|649232258803,https://m.snapdeal.com/product/lg-6-fh0b8ndl2-fully-automatic/649232258803?MID=15thDec|WAP|Electronics18|All|DOD|LG6KgFH0B8NDL22FullyAutomaticFrontLoadWashingMachineWhite|649232258803,,,25490,Electronics,1,DealofDayOffers
0,0,23,59,637658304017,Pluto Plus Black Selfie Stick with Aux cable - Assorted Colors,https://n1.sdlcdn.com/imgs/d/7/c/230x258/selfiewithaux-a23f6.jpg,https://n1.sdlcdn.com/imgs/d/7/c/230x258/selfiewithaux-a23f6.jpg,https://www.snapdeal.com/product/pluto-plus-black-selfie-stick/637658304017?MID=15thDec|WEB|Electronics19|All|DOD|PlutoPlusBlackSelfieStickwithAuxcable_AssortedColors|637658304017,https://m.snapdeal.com/product/pluto-plus-black-selfie-stick/637658304017?MID=15thDec|WAP|Electronics19|All|DOD|PlutoPlusBlackSelfieStickwithAuxcable_AssortedColors|637658304017,,,152,Electronics,1,DealofDayOffers
0,0,23,59,648697824579,Zebronics Ups-u725,https://n1.sdlcdn.com/imgs/a/t/y/230x258/Zebronics-Ups-u725-SDL740709328-1-13386.jpg,https://n1.sdlcdn.com/imgs/a/t/y/230x258/Zebronics-Ups-u725-SDL740709328-1-13386.jpg,https://www.snapdeal.com/product/zebronics-upsu725/648697824579?MID=15thDec|WEB|Electronics20|All|DOD|ZebronicsUps_u725|648697824579,https://m.snapdeal.com/product/zebronics-upsu725/648697824579?MID=15thDec|WAP|Electronics20|All|DOD|ZebronicsUps_u725|648697824579,,,1529,Electronics,1,DealofDayOffers
0,0,23,59,1219626129,Terabyte Wireless Mouse Black,https://n1.sdlcdn.com/imgs/a/n/r/230x258/Terabyte-Wireless-Mouse-SDL168184903-1-48e30.jpg,https://n1.sdlcdn.com/imgs/a/n/r/230x258/Terabyte-Wireless-Mouse-SDL168184903-1-48e30.jpg,https://www.snapdeal.com/product/terabyte-wireless-mouse/1219626129?MID=15thDec|WEB|Electronics21|All|DOD|TerabyteWirelessMouseBlack|1219626129,https://m.snapdeal.com/product/terabyte-wireless-mouse/1219626129?MID=15thDec|WAP|Electronics21|All|DOD|TerabyteWirelessMouseBlack|1219626129,,,265,Electronics,1,DealofDayOffers
0,0,23,59,673025944020,HP V150W 16 GB Pen Drives Blue,https://n1.sdlcdn.com/imgs/a/v/0/230x258/HP-V150W-16-GB-Pen-SDL767681361-1-27493.jpg,https://n1.sdlcdn.com/imgs/a/v/0/230x258/HP-V150W-16-GB-Pen-SDL767681361-1-27493.jpg,https://www.snapdeal.com/product/hp-v150w-16-gb-pen/673025944020?MID=15thDec|WEB|Electronics22|All|DOD|HPV150W16GBPenDrivesBlue|673025944020,https://m.snapdeal.com/product/hp-v150w-16-gb-pen/673025944020?MID=15thDec|WAP|Electronics22|All|DOD|HPV150W16GBPenDrivesBlue|673025944020,,,356,Electronics,1,DealofDayOffers
0,0,23,59,665268796989,Canon Pixma 3070s Multi Function Colored Wireless Printer,https://n1.sdlcdn.com/imgs/c/h/k/230x258/Canon-Pixma-3070s-Multi-Function-SDL892929519-1-f0b0a.jpg,https://n1.sdlcdn.com/imgs/c/h/k/230x258/Canon-Pixma-3070s-Multi-Function-SDL892929519-1-f0b0a.jpg,https://www.snapdeal.com/product/canon-pixma-3070s-multi-function/665268796989?MID=15thDec|WEB|Electronics24|All|DOD|CanonPixma3070sMultiFunctionColoredWirelessPrinter|665268796989,https://m.snapdeal.com/product/canon-pixma-3070s-multi-function/665268796989?MID=15thDec|WAP|Electronics24|All|DOD|CanonPixma3070sMultiFunctionColoredWirelessPrinter|665268796989,,,3416,Electronics,1,DealofDayOffers
0,0,23,59,637236647414,Tenda N301 300 Mbps Wireless Router White,https://n1.sdlcdn.com/imgs/b/f/a/230x258/Tenda-N301-White-Wireless-Router-SDL176667099-1-a1065.jpg,https://n1.sdlcdn.com/imgs/b/f/a/230x258/Tenda-N301-White-Wireless-Router-SDL176667099-1-a1065.jpg,https://www.snapdeal.com/product/tenda-n301-white-wireless-router/637236647414?MID=15thDec|WEB|Electronics25|All|DOD|TendaN301300MbpsWirelessRouterWhite|637236647414,https://m.snapdeal.com/product/tenda-n301-white-wireless-router/637236647414?MID=15thDec|WAP|Electronics25|All|DOD|TendaN301300MbpsWirelessRouterWhite|637236647414,,,744,Electronics,1,DealofDayOffers
0,0,23,59,635651535124,Yozo 3D Virtual Reality VR Box and Selfie Stick with Adjustable Lens for All Android & iOS Smartphones,https://n1.sdlcdn.com/imgs/c/y/g/230x258/Yozo-3D-Virtual-Reality-Box-SDL235067588-1-daa6c.jpg,https://n1.sdlcdn.com/imgs/c/y/g/230x258/Yozo-3D-Virtual-Reality-Box-SDL235067588-1-daa6c.jpg,https://www.snapdeal.com/product/yozo-3d-virtual-reality-box/635651535124?MID=15thDec|WEB|Electronics26|All|DOD|Yozo3DVirtualRealityVRBoxandSelfieStickwithAdjustableLensforAllAndroidiOSSmartphones|635651535124,https://m.snapdeal.com/product/yozo-3d-virtual-reality-box/635651535124?MID=15thDec|WAP|Electronics26|All|DOD|Yozo3DVirtualRealityVRBoxandSelfieStickwithAdjustableLensforAllAndroidiOSSmartphones|635651535124,,,458,Electronics,1,DealofDayOffers
0,0,23,59,630677081320,Saregama Romance Music Card Hindi,https://n1.sdlcdn.com/imgs/b/s/u/230x258/Saregama-Romance-Music-Card-Hindi-SDL598139433-1-d79b4.jpg,https://n1.sdlcdn.com/imgs/b/s/u/230x258/Saregama-Romance-Music-Card-Hindi-SDL598139433-1-d79b4.jpg,https://www.snapdeal.com/product/saregama-romance-music-card-hindi/630677081320?MID=15thDec|WEB|Electronics27|All|DOD|SaregamaRomanceMusicCardHindi|630677081320,https://m.snapdeal.com/product/saregama-romance-music-card-hindi/630677081320?MID=15thDec|WAP|Electronics27|All|DOD|SaregamaRomanceMusicCardHindi|630677081320,,,489,Electronics,1,DealofDayOffers
0,0,23,59,1180704,F&D F313U 2.1 Desktop Speakers (USB powered) - Black,https://n1.sdlcdn.com/imgs/a/7/g/230x258/F-D-F313U-Elegant-2-SDL250739576-1-d66bc.jpg,https://n1.sdlcdn.com/imgs/a/7/g/230x258/F-D-F313U-Elegant-2-SDL250739576-1-d66bc.jpg,https://www.snapdeal.com/product/fd-f313u-elegant-21-speakers/1180704?MID=15thDec|WEB|Electronics28|All|DOD|FDF313U21DesktopSpeakers(USBpowered)_Black|1180704,https://m.snapdeal.com/product/fd-f313u-elegant-21-speakers/1180704?MID=15thDec|WAP|Electronics28|All|DOD|FDF313U21DesktopSpeakers(USBpowered)_Black|1180704,,,1121,Electronics,1,DealofDayOffers
0,0,23,59,673910560151,DishTV HD Connection with Recorder-All India (1 month Super-Family and Full-on HD with 300 Movie Points) with Lifetime Warranty (worth 1000),https://n1.sdlcdn.com/imgs/d/5/g/230x258/1-b576c.jpg,https://n1.sdlcdn.com/imgs/d/5/g/230x258/1-b576c.jpg,https://www.snapdeal.com/product/dishtv-hd-connection-with-recorderall/673910560151?MID=15thDec|WEB|Electronics29|All|DOD|DishTVHDConnectionwithRecorder_AllIndia(1monthSuper_FamilyandFull_onHDwith300MoviePoints)withLifetimeWarranty(worth1000)|673910560151,https://m.snapdeal.com/product/dishtv-hd-connection-with-recorderall/673910560151?MID=15thDec|WAP|Electronics29|All|DOD|DishTVHDConnectionwithRecorder_AllIndia(1monthSuper_FamilyandFull_onHDwith300MoviePoints)withLifetimeWarranty(worth1000)|673910560151,,,1315,Electronics,,DealofDayOffers
0,0,23,59,620526167230,Zoook ZB-Dot Wireless Bluetooth Headset (Improved Version) (Smallest Bluetooth headset),https://n1.sdlcdn.com/imgs/d/u/6/230x258/SDL972413930-99d3f.jpg,https://n1.sdlcdn.com/imgs/d/u/6/230x258/SDL972413930-99d3f.jpg,https://www.snapdeal.com/product/zoook-zbdot-ear-tips/620526167230?MID=15thDec|WEB|Electronics30|All|DOD|ZoookZB_DotWirelessBluetoothHeadset(ImprovedVersion)(SmallestBluetoothheadset)|620526167230,https://m.snapdeal.com/product/zoook-zbdot-ear-tips/620526167230?MID=15thDec|WAP|Electronics30|All|DOD|ZoookZB_DotWirelessBluetoothHeadset(ImprovedVersion)(SmallestBluetoothheadset)|620526167230,,,2029,Electronics,1,DealofDayOffers
0,0,23,59,222629,Skullcandy JIB (S2DUDZ-012) In Ear Earphones Without Mic (Blue) Without Mic,https://n1.sdlcdn.com/imgs/a/m/m/230x258/Skullcandy-IN-EAR-JIB-Blue-1303530-1-f58d3.jpg,https://n1.sdlcdn.com/imgs/a/m/m/230x258/Skullcandy-IN-EAR-JIB-Blue-1303530-1-f58d3.jpg,https://www.snapdeal.com/product/skullcandy-inear-jib-blue-s2dudz012/222629?MID=15thDec|WEB|Electronics31|All|DOD|SkullcandyJIB(S2DUDZ_012)InEarEarphonesWithoutMic(Blue)WithoutMic|222629,https://m.snapdeal.com/product/skullcandy-inear-jib-blue-s2dudz012/222629?MID=15thDec|WAP|Electronics31|All|DOD|SkullcandyJIB(S2DUDZ_012)InEarEarphonesWithoutMic(Blue)WithoutMic|222629,,,509,Electronics,1,DealofDayOffers
0,0,23,59,653201171166,Motorola Pulse Max Over Ear Wired Headphones With Mic (Black),https://n1.sdlcdn.com/imgs/b/9/z/230x258/Motorola-Pulse-Max-Over-Ear-SDL175282974-1-0445a.jpg,https://n1.sdlcdn.com/imgs/b/9/z/230x258/Motorola-Pulse-Max-Over-Ear-SDL175282974-1-0445a.jpg,https://www.snapdeal.com/product/motorola-pulse-max-over-ear/653201171166?MID=15thDec|WEB|FMCG32|All|DOD|MotorolaPulseMaxOverEarWiredHeadphonesWithMic(Black)|653201171166,https://m.snapdeal.com/product/motorola-pulse-max-over-ear/653201171166?MID=15thDec|WAP|FMCG32|All|DOD|MotorolaPulseMaxOverEarWiredHeadphonesWithMic(Black)|653201171166,,,1019,Electronics,1,DealofDayOffers
0,0,23,59,716064546,Intex IT-500 SUF 5.1 Speaker System,https://n1.sdlcdn.com/imgs/a/i/r/230x258/INTEX-Computer-M-M-Speaker-SDL132780488-1-2cfe7.jpg,https://n1.sdlcdn.com/imgs/a/i/r/230x258/INTEX-Computer-M-M-Speaker-SDL132780488-1-2cfe7.jpg,https://www.snapdeal.com/product/intex-computer-mm-speaker-it500/716064546?MID=15thDec|WEB|FMCG33|All|DOD|IntexIT_500SUF51SpeakerSystem|716064546,https://m.snapdeal.com/product/intex-computer-mm-speaker-it500/716064546?MID=15thDec|WAP|FMCG33|All|DOD|IntexIT_500SUF51SpeakerSystem|716064546,,,2855,Electronics,1,DealofDayOffers
0,0,23,59,1235201432,Philips IN-DSP33UR/94 5.1 USB Speaker System,https://n1.sdlcdn.com/imgs/a/h/7/230x258/Philips-IN-DSP33UR-00-5-SDL250615425-1-28844.jpg,https://n1.sdlcdn.com/imgs/a/h/7/230x258/Philips-IN-DSP33UR-00-5-SDL250615425-1-28844.jpg,https://www.snapdeal.com/product/philips-indsp33ur00-51-channel-speakers/1235201432?MID=15thDec|WEB|FMCG34|All|DOD|PhilipsIN_DSP33UR/9451USBSpeakerSystem|1235201432,https://m.snapdeal.com/product/philips-indsp33ur00-51-channel-speakers/1235201432?MID=15thDec|WAP|FMCG34|All|DOD|PhilipsIN_DSP33UR/9451USBSpeakerSystem|1235201432,,,3875,Electronics,1,DealofDayOffers
0,0,23,59,95442,Panasonic Kx-tg3711sx Cordless Landline Phone ( Black ),https://n1.sdlcdn.com/imgs/d/6/l/230x258/Panasonic-Kxtg-3711Sx-Cordless-Landline-1140222-1-081f4.jpg,https://n1.sdlcdn.com/imgs/d/6/l/230x258/Panasonic-Kxtg-3711Sx-Cordless-Landline-1140222-1-081f4.jpg,https://www.snapdeal.com/product/panasonic-cordless-kxtg3711sx-landline-phone/95442?MID=15thDec|WEB|FMCG35|All|DOD|PanasonicKx_tg3711sxCordlessLandlinePhone(Black)|95442,https://m.snapdeal.com/product/panasonic-cordless-kxtg3711sx-landline-phone/95442?MID=15thDec|WAP|FMCG35|All|DOD|PanasonicKx_tg3711sxCordlessLandlinePhone(Black)|95442,,,2294,Electronics,1,DealofDayOffers
0,0,23,59,639237075162,F&D W5 Bluetooth Speaker - Black,https://n1.sdlcdn.com/imgs/c/5/o/230x258/F-D-W5-Bluetooth-Speaker-SDL955043125-1-38df6.jpg,https://n1.sdlcdn.com/imgs/c/5/o/230x258/F-D-W5-Bluetooth-Speaker-SDL955043125-1-38df6.jpg,https://www.snapdeal.com/product/fd-w5-bluetooth-speaker-black/639237075162?MID=15thDec|WEB|FMCG36|All|DOD|FDW5BluetoothSpeaker_Black|639237075162,https://m.snapdeal.com/product/fd-w5-bluetooth-speaker-black/639237075162?MID=15thDec|WAP|FMCG36|All|DOD|FDW5BluetoothSpeaker_Black|639237075162,,,968,Electronics,1,DealofDayOffers
0,0,23,59,676305819256,Wybor F1-W32N06 80 cm (32) HD Ready LED Television,https://n1.sdlcdn.com/imgs/b/a/z/230x258/W32_80cm_F1_N06_01-87a37.jpg,https://n1.sdlcdn.com/imgs/b/a/z/230x258/W32_80cm_F1_N06_01-87a37.jpg,https://www.snapdeal.com/product/wybor-w32-n06-80cm-hd/676305819256?MID=15thDec|WEB|FMCG37|All|DOD|WyborF1_W32N0680cm(32)HDReadyLEDTelevision|676305819256,https://m.snapdeal.com/product/wybor-w32-n06-80cm-hd/676305819256?MID=15thDec|WAP|FMCG37|All|DOD|WyborF1_W32N0680cm(32)HDReadyLEDTelevision|676305819256,,,12230,Electronics,1,DealofDayOffers
0,0,23,59,662819635209,U.S. Polo Assn. Men's Flat Knit Crew Socks - 3 Pair Pack,https://n1.sdlcdn.com/imgs/b/e/y/230x258/U-S-Polo-Assn-Men-SDL902679571-1-1d355.jpg,https://n1.sdlcdn.com/imgs/b/e/y/230x258/U-S-Polo-Assn-Men-SDL902679571-1-1d355.jpg,https://www.snapdeal.com/product/us-polo-assn-mens-flat/662819635209?MID=15thDec|WEB|FMCG38|All|DOD|USPoloAssnMensFlatKnitCrewSocks_3PairPack|662819635209,https://m.snapdeal.com/product/us-polo-assn-mens-flat/662819635209?MID=15thDec|WAP|FMCG38|All|DOD|USPoloAssnMensFlatKnitCrewSocks_3PairPack|662819635209,,,443,Men's Fashion,1,DealofDayOffers
0,0,23,59,1133765079,Hawai Premium Quality Leather Wallet For Men,https://n1.sdlcdn.com/imgs/a/q/v/230x258/Hawai-Premium-Quality-Leather-Wallet-SDL422361229-1-5d606.jpg,https://n1.sdlcdn.com/imgs/a/q/v/230x258/Hawai-Premium-Quality-Leather-Wallet-SDL422361229-1-5d606.jpg,https://www.snapdeal.com/product/hawai-premium-quality-leather-wallet/1133765079?MID=15thDec|WEB|FMCG39|All|DOD|HawaiPremiumQualityLeatherWalletForMen|1133765079,https://m.snapdeal.com/product/hawai-premium-quality-leather-wallet/1133765079?MID=15thDec|WAP|FMCG39|All|DOD|HawaiPremiumQualityLeatherWalletForMen|1133765079,,,713,Men's Fashion,1,DealofDayOffers
0,0,23,59,685267068392,U+N Brown Leather Regular Wallet For Men,https://n1.sdlcdn.com/imgs/c/z/f/230x258/U-N-Brown-Leather-Regular-SDL122067509-1-a772f.jpg,https://n1.sdlcdn.com/imgs/c/z/f/230x258/U-N-Brown-Leather-Regular-SDL122067509-1-a772f.jpg,https://www.snapdeal.com/product/un-brown-leather-regular-wallet/685267068392?MID=15thDec|WEB|FMCG40|All|DOD|U+NBrownLeatherRegularWalletForMen|685267068392,https://m.snapdeal.com/product/un-brown-leather-regular-wallet/685267068392?MID=15thDec|WAP|FMCG40|All|DOD|U+NBrownLeatherRegularWalletForMen|685267068392,,,407,Men's Fashion,1,DealofDayOffers
0,0,23,59,647336271922,Pepe Jeans Blue Slim Fit Faded Jeans,https://n1.sdlcdn.com/imgs/b/3/4/230x258/Pepe-Jeans-Blue-Slim-Fit-SDL165431099-1-001be.jpg,https://n1.sdlcdn.com/imgs/b/3/4/230x258/Pepe-Jeans-Blue-Slim-Fit-SDL165431099-1-001be.jpg,https://www.snapdeal.com/product/pepe-jeans-blue-slim-fit/647336271922?MID=15thDec|WEB|FMCG41|All|DOD|PepeJeansBlueSlimFitFadedJeans|647336271922,https://m.snapdeal.com/product/pepe-jeans-blue-slim-fit/647336271922?MID=15thDec|WAP|FMCG41|All|DOD|PepeJeansBlueSlimFitFadedJeans|647336271922,,,1193,Men's Fashion,1,DealofDayOffers
0,0,23,59,636939742895,Ruf And Tuf Black Slim Fit Jeans,https://n1.sdlcdn.com/imgs/b/j/2/230x258/Ruf-And-Tuf-Black-Slim-SDL729823475-1-10fd2.jpg,https://n1.sdlcdn.com/imgs/b/j/2/230x258/Ruf-And-Tuf-Black-Slim-SDL729823475-1-10fd2.jpg,https://www.snapdeal.com/product/ruf-and-tuf-black-slim/636939742895?MID=15thDec|WEB|FMCG42|All|DOD|RufAndTufBlackSlimFitJeans|636939742895,https://m.snapdeal.com/product/ruf-and-tuf-black-slim/636939742895?MID=15thDec|WAP|FMCG42|All|DOD|RufAndTufBlackSlimFitJeans|636939742895,,,724,Men's Fashion,1,DealofDayOffers
0,0,23,59,675625967276,Leana Multi Hooded T-Shirt,https://n1.sdlcdn.com/imgs/c/9/k/230x258/Leana-Multi-Hooded-T-Shirt-SDL710294664-1-63ae0.jpg,https://n1.sdlcdn.com/imgs/c/9/k/230x258/Leana-Multi-Hooded-T-Shirt-SDL710294664-1-63ae0.jpg,https://www.snapdeal.com/product/leana-multi-hooded-tshirt/675625967276?MID=15thDec|WEB|FMCG43|All|DOD|LeanaMultiHoodedT_Shirt|675625967276,https://m.snapdeal.com/product/leana-multi-hooded-tshirt/675625967276?MID=15thDec|WAP|FMCG43|All|DOD|LeanaMultiHoodedT_Shirt|675625967276,,,407,Men's Fashion,1,DealofDayOffers
0,0,23,59,685064931488,Koolpals Blue Cotton Blend Striped Men's Shirt,https://n1.sdlcdn.com/imgs/a/t/7/230x258/Koolpals-Blue-Cotton-Blend-Regular-SDL777116461-1-3a336.jpg,https://n1.sdlcdn.com/imgs/a/t/7/230x258/Koolpals-Blue-Cotton-Blend-Regular-SDL777116461-1-3a336.jpg,https://www.snapdeal.com/product/koolpals-blue-cotton-blend-regular/685064931488?MID=15thDec|WEB|FMCG44|All|DOD|KoolpalsBlueCottonBlendStripedMensShirt|685064931488,https://m.snapdeal.com/product/koolpals-blue-cotton-blend-regular/685064931488?MID=15thDec|WAP|FMCG44|All|DOD|KoolpalsBlueCottonBlendStripedMensShirt|685064931488,,,356,Men's Fashion,1,DealofDayOffers
0,0,23,59,684646833116,Raymond Grey High Neck Sweater,https://n1.sdlcdn.com/imgs/c/6/x/230x258/Raymond-Grey-High-Neck-Sweater-SDL167905663-1-85414.jpg,https://n1.sdlcdn.com/imgs/c/6/x/230x258/Raymond-Grey-High-Neck-Sweater-SDL167905663-1-85414.jpg,https://www.snapdeal.com/product/raymond-grey-high-neck-sweater/684646833116?MID=15thDec|WEB|FMCG45|All|DOD|RaymondGreyHighNeckSweater|684646833116,https://m.snapdeal.com/product/raymond-grey-high-neck-sweater/684646833116?MID=15thDec|WAP|FMCG45|All|DOD|RaymondGreyHighNeckSweater|684646833116,,,1064,Men's Fashion,1,DealofDayOffers
0,0,23,59,676901138977,Kristof Purple Full Sleeves Hooded Sweatshirt,https://n1.sdlcdn.com/imgs/b/d/n/230x258/Kristof-Purple-Full-Sleeves-Hooded-SDL698934847-1-96dde.jpg,https://n1.sdlcdn.com/imgs/b/d/n/230x258/Kristof-Purple-Full-Sleeves-Hooded-SDL698934847-1-96dde.jpg,https://www.snapdeal.com/product/kristof-purple-full-sleeves-hooded/676901138977?MID=15thDec|WEB|FMCG46|All|DOD|KristofPurpleFullSleevesHoodedSweatshirt|676901138977,https://m.snapdeal.com/product/kristof-purple-full-sleeves-hooded/676901138977?MID=15thDec|WAP|FMCG46|All|DOD|KristofPurpleFullSleevesHoodedSweatshirt|676901138977,,,458,Men's Fashion,1,DealofDayOffers
0,0,23,59,666137771128,Indian Terrain Khaki Slim Fit Chinos,https://n1.sdlcdn.com/imgs/b/z/n/230x258/Indian-Terrain-Khaki-Slim-Fit-SDL393098839-1-0acef.jpg,https://n1.sdlcdn.com/imgs/b/z/n/230x258/Indian-Terrain-Khaki-Slim-Fit-SDL393098839-1-0acef.jpg,https://www.snapdeal.com/product/indian-terrain-khaki-slim-fit/666137771128?MID=15thDec|WEB|FMCG47|All|DOD|IndianTerrainKhakiSlimFitChinos|666137771128,https://m.snapdeal.com/product/indian-terrain-khaki-slim-fit/666137771128?MID=15thDec|WAP|FMCG47|All|DOD|IndianTerrainKhakiSlimFitChinos|666137771128,,,1693,Men's Fashion,1,DealofDayOffers
0,0,23,59,2142393014,Sam Stefy Brown Synthetic Leather Casual Shoes For Men,https://n1.sdlcdn.com/imgs/a/s/4/230x258/Sam-Stefy-Brown-Synthetic-Leather-SDL298850923-1-eba58.JPG,https://n1.sdlcdn.com/imgs/a/s/4/230x258/Sam-Stefy-Brown-Synthetic-Leather-SDL298850923-1-eba58.JPG,https://www.snapdeal.com/product/sam-stefy-brown-synthetic-leather/2142393014?MID=15thDec|WEB|GM48|All|DOD|SamStefyBrownSyntheticLeatherCasualShoesForMen|2142393014,https://m.snapdeal.com/product/sam-stefy-brown-synthetic-leather/2142393014?MID=15thDec|WAP|GM48|All|DOD|SamStefyBrownSyntheticLeatherCasualShoesForMen|2142393014,,,662,Men's Fashion,1,DealofDayOffers
0,0,23,59,636873175989,Shooz Black And Red Men's Casual Shoes,https://n1.sdlcdn.com/imgs/a/3/e/230x258/Shooz-Black-And-Red-Men-SDL350034938-1-9f2ee.jpg,https://n1.sdlcdn.com/imgs/a/3/e/230x258/Shooz-Black-And-Red-Men-SDL350034938-1-9f2ee.jpg,https://www.snapdeal.com/product/shooz-black-and-red-mens/636873175989?MID=15thDec|WEB|GM49|All|DOD|ShoozBlackAndRedMensCasualShoes|636873175989,https://m.snapdeal.com/product/shooz-black-and-red-mens/636873175989?MID=15thDec|WAP|GM49|All|DOD|ShoozBlackAndRedMensCasualShoes|636873175989,,,407,Men's Fashion,1,DealofDayOffers
0,0,23,59,426708,Nautica Blue Edt Perfume 100 ml for men,https://n1.sdlcdn.com/imgs/d/c/q/230x258/Nautica-Blue-Edt-Perfume-100-1536221-1-cc343.jpg,https://n1.sdlcdn.com/imgs/d/c/q/230x258/Nautica-Blue-Edt-Perfume-100-1536221-1-cc343.jpg,https://www.snapdeal.com/product/nautica-blue-edt-perfume-100/426708?MID=15thDec|WEB|GM50|All|DOD|NauticaBlueEdtPerfume100mlformen|426708,https://m.snapdeal.com/product/nautica-blue-edt-perfume-100/426708?MID=15thDec|WAP|GM50|All|DOD|NauticaBlueEdtPerfume100mlformen|426708,,,917,Men's Fashion,1,DealofDayOffers
0,0,23,59,655442920158,Skmei Black Strap Analog-Digital Watch,https://n1.sdlcdn.com/imgs/d/i/0/230x258/1016-4290d.jpg,https://n1.sdlcdn.com/imgs/d/i/0/230x258/1016-4290d.jpg,https://www.snapdeal.com/product/skmei-black-strap-analogdigital-watch/655442920158?MID=15thDec|WEB|GM51|All|DOD|SkmeiBlackStrapAnalog_DigitalWatch|655442920158,https://m.snapdeal.com/product/skmei-black-strap-analogdigital-watch/655442920158?MID=15thDec|WAP|GM51|All|DOD|SkmeiBlackStrapAnalog_DigitalWatch|655442920158,,,560,Men's Fashion,1,DealofDayOffers
0,0,23,59,2076422989,Timex TI002B11300 Brown Leather Analog Watch,https://n1.sdlcdn.com/imgs/b/s/7/230x258/SDL851502371_1-d052c.jpg,https://n1.sdlcdn.com/imgs/b/s/7/230x258/SDL851502371_1-d052c.jpg,https://www.snapdeal.com/product/timex-leather-men-watch/2076422989?MID=15thDec|WEB|GM52|All|DOD|TimexTI002B11300BrownLeatherAnalogWatch|2076422989,https://m.snapdeal.com/product/timex-leather-men-watch/2076422989?MID=15thDec|WAP|GM52|All|DOD|TimexTI002B11300BrownLeatherAnalogWatch|2076422989,,,815,Men's Fashion,1,DealofDayOffers
0,0,23,59,652437105876,Relish Blue Leather Wrist Watch For Men,https://n1.sdlcdn.com/imgs/b/u/c/230x258/Relish-Blue-Leather-Wrist-Watch-SDL178709620-1-b743d.jpg,https://n1.sdlcdn.com/imgs/b/u/c/230x258/Relish-Blue-Leather-Wrist-Watch-SDL178709620-1-b743d.jpg,https://www.snapdeal.com/product/relish-blue-leather-wrist-watch/652437105876?MID=15thDec|WEB|GM53|All|DOD|RelishBlueLeatherWristWatchForMen|652437105876,https://m.snapdeal.com/product/relish-blue-leather-wrist-watch/652437105876?MID=15thDec|WAP|GM53|All|DOD|RelishBlueLeatherWristWatchForMen|652437105876,,,254,Men's Fashion,1,DealofDayOffers
0,0,23,59,1216817263,Vega - MCS-01A Motorcycle gloves (Black),https://n1.sdlcdn.com/imgs/a/q/j/230x258/Vega-MCS-01A-Motorcycle-gloves-SDL820744366-1-4f235.JPG,https://n1.sdlcdn.com/imgs/a/q/j/230x258/Vega-MCS-01A-Motorcycle-gloves-SDL820744366-1-4f235.JPG,https://www.snapdeal.com/product/vega-mcs01a-motorcycle-gloves-black/1216817263?MID=15thDec|WEB|GM54|All|DOD|Vega_MCS_01AMotorcyclegloves(Black)|1216817263,https://m.snapdeal.com/product/vega-mcs01a-motorcycle-gloves-black/1216817263?MID=15thDec|WAP|GM54|All|DOD|Vega_MCS_01AMotorcyclegloves(Black)|1216817263,,,509,GM,1,DealofDayOffers
0,0,23,59,636746433047,Intex 501 DUCC Dual USB Car Charger - White - Fast Charging for All Mobile Phones,https://n1.sdlcdn.com/imgs/b/b/2/230x258/Intex-501-Ducc-Dual-USB-SDL436606297-1-e489f.jpg,https://n1.sdlcdn.com/imgs/b/b/2/230x258/Intex-501-Ducc-Dual-USB-SDL436606297-1-e489f.jpg,https://www.snapdeal.com/product/intex-501-ducc-dual-usb/636746433047?MID=15thDec|WEB|GM55|All|DOD|Intex501DUCCDualUSBCarCharger_White_FastChargingforAllMobilePhones|636746433047,https://m.snapdeal.com/product/intex-501-ducc-dual-usb/636746433047?MID=15thDec|WAP|GM55|All|DOD|Intex501DUCCDualUSBCarCharger_White_FastChargingforAllMobilePhones|636746433047,,,189,GM,1,DealofDayOffers
0,0,23,59,618522538510,Car Mobile Holder With 360 Rotation,https://n1.sdlcdn.com/imgs/b/x/8/230x258/SDL911088969_1-97837.jpg,https://n1.sdlcdn.com/imgs/b/x/8/230x258/SDL911088969_1-97837.jpg,https://www.snapdeal.com/product/konarrk-black-car-mobile-holder/618522538510?MID=15thDec|WEB|GM56|All|DOD|CarMobileHolderWith360Rotation|618522538510,https://m.snapdeal.com/product/konarrk-black-car-mobile-holder/618522538510?MID=15thDec|WAP|GM56|All|DOD|CarMobileHolderWith360Rotation|618522538510,,,91,GM,1,DealofDayOffers
0,0,23,59,645473099536,Swiss Military Small (Below 60 cm) 2 Wheel Soft LTB3 - Trolley Bag,https://n1.sdlcdn.com/imgs/b/v/t/230x258/Swiss-Military-Small-Below-60-SDL408833194-6-eb377.jpg,https://n1.sdlcdn.com/imgs/b/v/t/230x258/Swiss-Military-Small-Below-60-SDL408833194-6-eb377.jpg,https://www.snapdeal.com/product/swiss-military-small-below-60/645473099536?MID=15thDec|WEB|GM57|All|DOD|SwissMilitarySmall(Below60cm)2WheelSoftLTB3_TrolleyBag|645473099536,https://m.snapdeal.com/product/swiss-military-small-below-60/645473099536?MID=15thDec|WAP|GM57|All|DOD|SwissMilitarySmall(Below60cm)2WheelSoftLTB3_TrolleyBag|645473099536,,,3897,GM,1,DealofDayOffers
0,0,23,59,686994949754,Novex Black S (Below 60cm) Cabin Soft Luggage,https://n1.sdlcdn.com/imgs/c/y/t/230x258/Novex-Trendy-Black-Overnighter-24-SDL770373730-1-a9b65.jpg,https://n1.sdlcdn.com/imgs/c/y/t/230x258/Novex-Trendy-Black-Overnighter-24-SDL770373730-1-a9b65.jpg,https://www.snapdeal.com/product/novex-trendy-black-overnighter-24/686994949754?MID=15thDec|WEB|GM58|All|DOD|NovexBlackS(Below60cm)CabinSoftLuggage|686994949754,https://m.snapdeal.com/product/novex-trendy-black-overnighter-24/686994949754?MID=15thDec|WAP|GM58|All|DOD|NovexBlackS(Below60cm)CabinSoftLuggage|686994949754,,,1580,GM,1,DealofDayOffers
0,0,23,59,646273909910,HP Black Laptop Bags,https://n1.sdlcdn.com/imgs/b/6/c/230x258/Bags_opt_1_-34246.jpg,https://n1.sdlcdn.com/imgs/b/6/c/230x258/Bags_opt_1_-34246.jpg,https://www.snapdeal.com/product/hp-blue-black-laptop-bag/646273909910?MID=15thDec|WEB|GM59|All|DOD|HPBlackLaptopBags|646273909910,https://m.snapdeal.com/product/hp-blue-black-laptop-bag/646273909910?MID=15thDec|WAP|GM59|All|DOD|HPBlackLaptopBags|646273909910,,,546,GM,1,DealofDayOffers
0,0,23,59,665874393265,The Big Home XXL Filled Bean Bag Maroon,https://n1.sdlcdn.com/imgs/c/e/p/230x258/The-Big-Home-XXL-Filled-SDL138390605-1-1615b.jpg,https://n1.sdlcdn.com/imgs/c/e/p/230x258/The-Big-Home-XXL-Filled-SDL138390605-1-1615b.jpg,https://www.snapdeal.com/product/the-big-home-xxl-filled/665874393265?MID=15thDec|WEB|GM60|All|DOD|TheBigHomeXXLFilledBeanBagMaroon|665874393265,https://m.snapdeal.com/product/the-big-home-xxl-filled/665874393265?MID=15thDec|WAP|GM60|All|DOD|TheBigHomeXXLFilledBeanBagMaroon|665874393265,,,1199,GM,1,DealofDayOffers
0,0,23,59,665220894101,Buy 1 Mesh Back Office Chair Get 1 Free,https://n1.sdlcdn.com/imgs/c/z/i/230x258/b3_c613c_1_-da97c.jpg,https://n1.sdlcdn.com/imgs/c/z/i/230x258/b3_c613c_1_-da97c.jpg,https://www.snapdeal.com/product/new-golden-furnishers-high-back/665220894101?MID=15thDec|WEB|GM61|All|DOD|Buy1MeshBackOfficeChairGet1Free|665220894101,https://m.snapdeal.com/product/new-golden-furnishers-high-back/665220894101?MID=15thDec|WAP|GM61|All|DOD|Buy1MeshBackOfficeChairGet1Free|665220894101,,,4895,GM,1,DealofDayOffers
0,0,23,59,662135825244,Blacksmith Black Plastic Wall Clock with Photo Frame,https://n1.sdlcdn.com/imgs/b/c/e/230x258/Blacksmith-Black-Plastic-Wall-Clock-SDL364899698-1-9e973.jpg,https://n1.sdlcdn.com/imgs/b/c/e/230x258/Blacksmith-Black-Plastic-Wall-Clock-SDL364899698-1-9e973.jpg,https://www.snapdeal.com/product/blacksmith-black-plastic-wall-clock/662135825244?MID=15thDec|WEB|GM62|All|DOD|BlacksmithBlackPlasticWallClockwithPhotoFrame|662135825244,https://m.snapdeal.com/product/blacksmith-black-plastic-wall-clock/662135825244?MID=15thDec|WAP|GM62|All|DOD|BlacksmithBlackPlasticWallClockwithPhotoFrame|662135825244,,,917,GM,1,DealofDayOffers
0,0,23,59,670369164874,Orient 9W Pack of 6 LED Bulbs,https://n1.sdlcdn.com/imgs/d/2/6/230x258/Orient-9W-Pack-of-6-SDL537648509-1-8674a.jpg,https://n1.sdlcdn.com/imgs/d/2/6/230x258/Orient-9W-Pack-of-6-SDL537648509-1-8674a.jpg,https://www.snapdeal.com/product/orient-9w-pack-of-6/670369164874?MID=15thDec|WEB|GM63|All|DOD|Orient9WPackof6LEDBulbs|670369164874,https://m.snapdeal.com/product/orient-9w-pack-of-6/670369164874?MID=15thDec|WAP|GM63|All|DOD|Orient9WPackof6LEDBulbs|670369164874,,,662,GM,1,DealofDayOffers
0,0,23,59,681442339405,StickersKart Wall Stickers Bedroom Romantic Rose Flowers 6005,https://n1.sdlcdn.com/imgs/a/y/a/230x258/Aquire-Pvc-Wall-Stickers-SDL223613352-1-f8a20.jpg,https://n1.sdlcdn.com/imgs/a/y/a/230x258/Aquire-Pvc-Wall-Stickers-SDL223613352-1-f8a20.jpg,https://www.snapdeal.com/product/aquire-pvc-wall-stickers/681442339405?MID=15thDec|WEB|GM64|All|DOD|StickersKartWallStickersBedroomRomanticRoseFlowers6005|681442339405,https://m.snapdeal.com/product/aquire-pvc-wall-stickers/681442339405?MID=15thDec|WAP|GM64|All|DOD|StickersKartWallStickersBedroomRomanticRoseFlowers6005|681442339405,,,132,GM,1,DealofDayOffers
0,0,23,59,2073777042,Classic Mosquito Net Double Terylene Plain Foldable Mosquito Net,https://n1.sdlcdn.com/imgs/a/s/e/230x258/DSC_3161-3889c.JPG,https://n1.sdlcdn.com/imgs/a/s/e/230x258/DSC_3161-3889c.JPG,https://www.snapdeal.com/product/classic-blue-double-bed-mosquito/2073777042?MID=15thDec|WEB|GM65|All|DOD|ClassicMosquitoNetDoubleTerylenePlainFoldableMosquitoNet|2073777042,https://m.snapdeal.com/product/classic-blue-double-bed-mosquito/2073777042?MID=15thDec|WAP|GM65|All|DOD|ClassicMosquitoNetDoubleTerylenePlainFoldableMosquitoNet|2073777042,,,1019,GM,1,DealofDayOffers
0,0,23,59,624744850271,Skycandle Multi-Color Magic Mop,https://n1.sdlcdn.com/imgs/b/0/g/230x258/Skycandle-Purple-Magic-Mop-SDL004983352-1-f5f77.jpg,https://n1.sdlcdn.com/imgs/b/0/g/230x258/Skycandle-Purple-Magic-Mop-SDL004983352-1-f5f77.jpg,https://www.snapdeal.com/product/skycandle-purple-magic-mop/624744850271?MID=15thDec|WEB|GM66|All|DOD|SkycandleMulti_ColorMagicMop|624744850271,https://m.snapdeal.com/product/skycandle-purple-magic-mop/624744850271?MID=15thDec|WAP|GM66|All|DOD|SkycandleMulti_ColorMagicMop|624744850271,,,662,GM,1,DealofDayOffers
0,0,23,59,681468504266,Skycandle SM-1 Plastic White Sewing Premium Innovative Product,https://n1.sdlcdn.com/imgs/c/y/e/230x258/Skycandle-SM-1-Plastic-White-SDL398223396-1-022b2.jpg,https://n1.sdlcdn.com/imgs/c/y/e/230x258/Skycandle-SM-1-Plastic-White-SDL398223396-1-022b2.jpg,https://www.snapdeal.com/product/skycandle-sm1-plastic-white-sewing/681468504266?MID=15thDec|WEB|GM67|All|DOD|SkycandleSM_1PlasticWhiteSewingPremiumInnovativeProduct|681468504266,https://m.snapdeal.com/product/skycandle-sm1-plastic-white-sewing/681468504266?MID=15thDec|WAP|GM67|All|DOD|SkycandleSM_1PlasticWhiteSewingPremiumInnovativeProduct|681468504266,,,877,GM,1,DealofDayOffers
0,0,23,59,1927506652,Shopzzalltime Adjustable Universal Stand/trolly For Top Loading Washing Machines With Jack & Wheels,https://n1.sdlcdn.com/imgs/a/l/l/230x258/Shopzzalltime-Adjustable-Universal-Stand-trolly-SDL592268589-1-69a34.jpg,https://n1.sdlcdn.com/imgs/a/l/l/230x258/Shopzzalltime-Adjustable-Universal-Stand-trolly-SDL592268589-1-69a34.jpg,https://www.snapdeal.com/product/shopzzalltime-adjustable-universal-standtrolly-for/1927506652?MID=15thDec|WEB|GM68|All|DOD|ShopzzalltimeAdjustableUniversalStand/trollyForTopLoadingWashingMachinesWithJackWheels|1927506652,https://m.snapdeal.com/product/shopzzalltime-adjustable-universal-standtrolly-for/1927506652?MID=15thDec|WAP|GM68|All|DOD|ShopzzalltimeAdjustableUniversalStand/trollyForTopLoadingWashingMachinesWithJackWheels|1927506652,,,837,GM,1,DealofDayOffers
0,0,23,59,1576534714,Hindware Cleo 60 Auto Clean 1200 m3/hr,https://n1.sdlcdn.com/imgs/a/p/q/230x258/Hindware-60cm-1200-Auto-Clean-SDL731364678-1-9d74c.jpg,https://n1.sdlcdn.com/imgs/a/p/q/230x258/Hindware-60cm-1200-Auto-Clean-SDL731364678-1-9d74c.jpg,https://www.snapdeal.com/product/hindware-60cm-1200-auto-clean/1576534714?MID=15thDec|WEB|GM69|All|DOD|HindwareCleo60AutoClean1200m3/hr|1576534714,https://m.snapdeal.com/product/hindware-60cm-1200-auto-clean/1576534714?MID=15thDec|WAP|GM69|All|DOD|HindwareCleo60AutoClean1200m3/hr|1576534714,,,12239,GM,1,DealofDayOffers
0,0,23,59,675470560069,Prestige GTM02 Black 2 Manual,https://n1.sdlcdn.com/imgs/a/4/2/230x258/Prestige-GTM02-Black-2-Manual-SDL010713447-1-7e175.jpg,https://n1.sdlcdn.com/imgs/a/4/2/230x258/Prestige-GTM02-Black-2-Manual-SDL010713447-1-7e175.jpg,https://www.snapdeal.com/product/prestige-gtm02-black-2-manual/675470560069?MID=15thDec|WEB|GM70|All|DOD|PrestigeGTM02Black2Manual|675470560069,https://m.snapdeal.com/product/prestige-gtm02-black-2-manual/675470560069?MID=15thDec|WAP|GM70|All|DOD|PrestigeGTM02Black2Manual|675470560069,,,2753,GM,1,DealofDayOffers
0,0,23,59,657685875954,Prestige Iris 750 W 4 Jar Mixer Grinder,https://n1.sdlcdn.com/imgs/c/2/b/230x258/SDL529014594-45469.jpg,https://n1.sdlcdn.com/imgs/c/2/b/230x258/SDL529014594-45469.jpg,https://www.snapdeal.com/product/prestige-iris-750-w-34/657685875954?MID=15thDec|WEB|GM71|All|DOD|PrestigeIris750W4JarMixerGrinder|657685875954,https://m.snapdeal.com/product/prestige-iris-750-w-34/657685875954?MID=15thDec|WAP|GM71|All|DOD|PrestigeIris750W4JarMixerGrinder|657685875954,,,2855,GM,1,DealofDayOffers
0,0,23,59,649503459282,Pureit Advanced RO+UV Water Purifier,https://n1.sdlcdn.com/imgs/b/x/i/230x258/Pureit-10-Ltrs-Advanced-Micro-SDL369096472-1-06c09.jpg,https://n1.sdlcdn.com/imgs/b/x/i/230x258/Pureit-10-Ltrs-Advanced-Micro-SDL369096472-1-06c09.jpg,https://www.snapdeal.com/product/pureit-10-ltrs-advanced-micro/649503459282?MID=15thDec|WEB|GM72|All|DOD|PureitAdvancedRO+UVWaterPurifier|649503459282,https://m.snapdeal.com/product/pureit-10-ltrs-advanced-micro/649503459282?MID=15thDec|WAP|GM72|All|DOD|PureitAdvancedRO+UVWaterPurifier|649503459282,,,8975,GM,1,DealofDayOffers
0,0,23,59,1400326,Tata Swach Cristella Plus 18 Ltr Gravity Based Water Purifier,https://n1.sdlcdn.com/imgs/a/6/h/230x258/Tata-Swach-18-Ltr-Cristella-SDL425776671-1-20461.jpg,https://n1.sdlcdn.com/imgs/a/6/h/230x258/Tata-Swach-18-Ltr-Cristella-SDL425776671-1-20461.jpg,https://www.snapdeal.com/product/tata-swach-18ltr-cristella-plus/1400326?MID=15thDec|WEB|GM73|All|DOD|TataSwachCristellaPlus18LtrGravityBasedWaterPurifier|1400326,https://m.snapdeal.com/product/tata-swach-18ltr-cristella-plus/1400326?MID=15thDec|WAP|GM73|All|DOD|TataSwachCristellaPlus18LtrGravityBasedWaterPurifier|1400326,,,1478,GM,1,DealofDayOffers
0,0,23,59,155262,Wonderchef Ceramide 3Pc Casserole Set by Chef Sanjeev Kapoor,https://n1.sdlcdn.com/imgs/a/p/9/230x258/Wonderchef-Ceramic-Coating-6-Pc-1220766-1-95f23.jpg,https://n1.sdlcdn.com/imgs/a/p/9/230x258/Wonderchef-Ceramic-Coating-6-Pc-1220766-1-95f23.jpg,https://www.snapdeal.com/product/wonderchef-ceramic-coating-6-pc/155262?MID=15thDec|WEB|GM74|All|DOD|WonderchefCeramide3PcCasseroleSetbyChefSanjeevKapoor|155262,https://m.snapdeal.com/product/wonderchef-ceramic-coating-6-pc/155262?MID=15thDec|WAP|GM74|All|DOD|WonderchefCeramide3PcCasseroleSetbyChefSanjeevKapoor|155262,,,2345,GM,1,DealofDayOffers
0,0,23,59,677032765716,Master 3L Aluminium Outer Lid Pressure Cooker,https://n1.sdlcdn.com/imgs/d/d/j/230x258/Master-3-Aluminium-Outer-Lid-SDL128692892-1-408f6.jpg,https://n1.sdlcdn.com/imgs/d/d/j/230x258/Master-3-Aluminium-Outer-Lid-SDL128692892-1-408f6.jpg,https://www.snapdeal.com/product/master-3-aluminium-outerlid-pressure/677032765716?MID=15thDec|WEB|GM75|All|DOD|Master3LAluminiumOuterLidPressureCooker|677032765716,https://m.snapdeal.com/product/master-3-aluminium-outerlid-pressure/677032765716?MID=15thDec|WAP|GM75|All|DOD|Master3LAluminiumOuterLidPressureCooker|677032765716,,,611,GM,1,DealofDayOffers
0,0,23,59,982682236,Airan Stainless Steel Dinner Set - 37 Pieces,https://n1.sdlcdn.com/imgs/a/m/g/230x258/Airan-Stainless-Steel-Dinner-Set-SDL453495504-1-15abd.jpg,https://n1.sdlcdn.com/imgs/a/m/g/230x258/Airan-Stainless-Steel-Dinner-Set-SDL453495504-1-15abd.jpg,https://www.snapdeal.com/product/airan-stainless-steel-dinner-set/982682236?MID=15thDec|WEB|GM76|All|DOD|AiranStainlessSteelDinnerSet_37Pieces|982682236,https://m.snapdeal.com/product/airan-stainless-steel-dinner-set/982682236?MID=15thDec|WAP|GM76|All|DOD|AiranStainlessSteelDinnerSet_37Pieces|982682236,,,1046,GM,1,DealofDayOffers
0,0,23,59,680810512051,Prestige 3.0 Vegetable Cutter,https://n1.sdlcdn.com/imgs/b/d/u/230x258/Prestige-3-0-Vegetable-Cutter-SDL464958733-1-4ec7d.jpg,https://n1.sdlcdn.com/imgs/b/d/u/230x258/Prestige-3-0-Vegetable-Cutter-SDL464958733-1-4ec7d.jpg,https://www.snapdeal.com/product/prestige-30-vegetable-cutter/680810512051?MID=15thDec|WEB|GM77|All|DOD|Prestige30VegetableCutter|680810512051,https://m.snapdeal.com/product/prestige-30-vegetable-cutter/680810512051?MID=15thDec|WAP|GM77|All|DOD|Prestige30VegetableCutter|680810512051,,,424,GM,1,DealofDayOffers
0,0,23,59,635419439869,Kadence Frontier Series Acoustic Guitar - Blue,https://n1.sdlcdn.com/imgs/b/u/y/230x258/Kadence-Frontier-Series-Acoustic-Guitar-SDL676578973-5-8fa52.jpg,https://n1.sdlcdn.com/imgs/b/u/y/230x258/Kadence-Frontier-Series-Acoustic-Guitar-SDL676578973-5-8fa52.jpg,https://www.snapdeal.com/product/kadence-frontier-series-acoustic-guitar/635419439869?MID=15thDec|WEB|KidsFashion78|All|DOD|KadenceFrontierSeriesAcousticGuitar_Blue|635419439869,https://m.snapdeal.com/product/kadence-frontier-series-acoustic-guitar/635419439869?MID=15thDec|WAP|KidsFashion78|All|DOD|KadenceFrontierSeriesAcousticGuitar_Blue|635419439869,,,3365,GM,1,DealofDayOffers
0,0,23,59,679804132712,STRIKE ORDEM 5,https://n1.sdlcdn.com/imgs/c/l/m/230x258/ACE-STRIKE-ORDEM-5-SDL119643053-1-0c44b.jpg,https://n1.sdlcdn.com/imgs/c/l/m/230x258/ACE-STRIKE-ORDEM-5-SDL119643053-1-0c44b.jpg,https://www.snapdeal.com/product/ace-strike-ordem-5/679804132712?MID=15thDec|WEB|KidsFashion79|All|DOD|STRIKEORDEM5|679804132712,https://m.snapdeal.com/product/ace-strike-ordem-5/679804132712?MID=15thDec|WAP|KidsFashion79|All|DOD|STRIKEORDEM5|679804132712,,,418,GM,1,DealofDayOffers
0,0,23,59,66573,Yonex GR 303 Badminton Racket- Assorted,https://n1.sdlcdn.com/imgs/a/b/t/230x258/282_ESG_YON_newa_M_1_2x-862a5.jpg,https://n1.sdlcdn.com/imgs/a/b/t/230x258/282_ESG_YON_newa_M_1_2x-862a5.jpg,https://www.snapdeal.com/product/yonex-gr-303-badminton-racket/66573?MID=15thDec|WEB|KidsFashion80|All|DOD|YonexGR303BadmintonRacket_Assorted|66573,https://m.snapdeal.com/product/yonex-gr-303-badminton-racket/66573?MID=15thDec|WAP|KidsFashion80|All|DOD|YonexGR303BadmintonRacket_Assorted|66573,,,434,GM,1,DealofDayOffers
0,0,23,59,632828414678,WOLPHY 40 Kg Home Gym,https://n1.sdlcdn.com/imgs/c/z/f/230x258/Wolphy-7e09f.jpg,https://n1.sdlcdn.com/imgs/c/z/f/230x258/Wolphy-7e09f.jpg,https://www.snapdeal.com/product/wolphy-40-kg-home-gym/632828414678?MID=15thDec|WEB|KidsFashion81|All|DOD|WOLPHY40KgHomeGym|632828414678,https://m.snapdeal.com/product/wolphy-40-kg-home-gym/632828414678?MID=15thDec|WAP|KidsFashion81|All|DOD|WOLPHY40KgHomeGym|632828414678,,,2234,GM,,DealofDayOffers
0,0,23,59,651026348960,Aurion 18 Kg Dumbbell Set With Accessories,https://n1.sdlcdn.com/imgs/a/5/x/230x258/Aurion-18-Kg-Dumbbell-Set-SDL646205677-1-e9ca7.jpg,https://n1.sdlcdn.com/imgs/a/5/x/230x258/Aurion-18-Kg-Dumbbell-Set-SDL646205677-1-e9ca7.jpg,https://www.snapdeal.com/product/aurion-18-kg-dumbbell-set/651026348960?MID=15thDec|WEB|KidsFashion82|All|DOD|Aurion18KgDumbbellSetWithAccessories|651026348960,https://m.snapdeal.com/product/aurion-18-kg-dumbbell-set/651026348960?MID=15thDec|WAP|KidsFashion82|All|DOD|Aurion18KgDumbbellSetWithAccessories|651026348960,,,917,GM,,DealofDayOffers
0,0,23,59,1171930,Neon Gate Switch Remote Control System For 5 Lights + 1 Fan Regulator (multi colour),https://n1.sdlcdn.com/imgs/a/i/q/230x258/Neon-Gate-Remote-Control-System-SDL370399547-1-b3daa.jpg,https://n1.sdlcdn.com/imgs/a/i/q/230x258/Neon-Gate-Remote-Control-System-SDL370399547-1-b3daa.jpg,https://www.snapdeal.com/product/neon-gate-remote-control-system/1171930?MID=15thDec|WEB|KidsFashion83|All|DOD|NeonGateSwitchRemoteControlSystemFor5Lights+1FanRegulator(multicolour)|1171930,https://m.snapdeal.com/product/neon-gate-remote-control-system/1171930?MID=15thDec|WAP|KidsFashion83|All|DOD|NeonGateSwitchRemoteControlSystemFor5Lights+1FanRegulator(multicolour)|1171930,,,764,GM,1,DealofDayOffers
0,0,23,59,1004645940,Godrej Duralock- 3 Keys (90 mm),https://n1.sdlcdn.com/imgs/a/r/a/230x258/Godrej-Duralock-3-Keys-90-SDL364192343-1-382f3.jpg,https://n1.sdlcdn.com/imgs/a/r/a/230x258/Godrej-Duralock-3-Keys-90-SDL364192343-1-382f3.jpg,https://www.snapdeal.com/product/godrej-duralock-3-keys-90/1004645940?MID=15thDec|WEB|MensFashion84|All|DOD|GodrejDuralock_3Keys(90mm)|1004645940,https://m.snapdeal.com/product/godrej-duralock-3-keys-90/1004645940?MID=15thDec|WAP|MensFashion84|All|DOD|GodrejDuralock_3Keys(90mm)|1004645940,,,989,GM,1,DealofDayOffers
0,0,23,59,637194178445,50 kg Cylinder Electronic Digital Weighing Scale,https://n1.sdlcdn.com/imgs/b/w/2/230x258/HTB1C03GJXXXXXXfaXXXq6xXFXXXC-b4029.jpg,https://n1.sdlcdn.com/imgs/b/w/2/230x258/HTB1C03GJXXXXXXfaXXXq6xXFXXXC-b4029.jpg,https://www.snapdeal.com/product/semsons-ssdl0023-plastic-weighing-scale/637194178445?MID=15thDec|WEB|MensFashion85|All|DOD|50kgCylinderElectronicDigitalWeighingScale|637194178445,https://m.snapdeal.com/product/semsons-ssdl0023-plastic-weighing-scale/637194178445?MID=15thDec|WAP|MensFashion85|All|DOD|50kgCylinderElectronicDigitalWeighingScale|637194178445,,,254,GM,1,DealofDayOffers
0,0,23,59,619111153816,Maniac Pack of 5 Multicolour Half Sleeves T-Shirts,https://n1.sdlcdn.com/imgs/b/v/d/230x258/Maniac-Pack-of-5-Multicolour-SDL386183917-1-30c15.jpg,https://n1.sdlcdn.com/imgs/b/v/d/230x258/Maniac-Pack-of-5-Multicolour-SDL386183917-1-30c15.jpg,https://www.snapdeal.com/product/maniac-pack-of-5-multicolour/619111153816?MID=15thDec|WEB|MensFashion86|All|DOD|ManiacPackof5MulticolourHalfSleevesT_Shirts|619111153816,https://m.snapdeal.com/product/maniac-pack-of-5-multicolour/619111153816?MID=15thDec|WAP|MensFashion86|All|DOD|ManiacPackof5MulticolourHalfSleevesT_Shirts|619111153816,,,509,Kid's Fashion,1,DealofDayOffers
0,0,23,59,621459870015,Tiny Toon Pack of 2 Party Wear Dresses For Kids,https://n1.sdlcdn.com/imgs/c/v/z/230x258/Tiny-Toon-Pack-of-2-SDL281446583-1-e9f38.jpg,https://n1.sdlcdn.com/imgs/c/v/z/230x258/Tiny-Toon-Pack-of-2-SDL281446583-1-e9f38.jpg,https://www.snapdeal.com/product/tiny-toon-pack-of-2/621459870015?MID=15thDec|WEB|MensFashion87|All|DOD|TinyToonPackof2PartyWearDressesForKids|621459870015,https://m.snapdeal.com/product/tiny-toon-pack-of-2/621459870015?MID=15thDec|WAP|MensFashion87|All|DOD|TinyToonPackof2PartyWearDressesForKids|621459870015,,,540,Kid's Fashion,1,DealofDayOffers
0,0,23,59,,Boys Sports Shoes ,https://n1.sdlcdn.com/imgs/b/3/t/230x258/BULLET-RANGE-OF-RUNNING-SHOES-SDL967199083-1-8b031.jpg,https://n1.sdlcdn.com/imgs/b/3/t/230x258/BULLET-RANGE-OF-RUNNING-SHOES-SDL967199083-1-8b031.jpg,https://www.snapdeal.com/products/kids-footwear?sort=plrty&q=Brand%3AASIAN%7CsdFullfilled%3ASnapdeal%7CPrice%3A232%2C475%7CType_s%3ASports%20Shoes%7C&MID=15thDec|WEB|DOD127|All|DOD|BoysSportsShoesBelow499|,https://m.snapdeal.com/products/kids-footwear?sort=plrty&q=Brand%3AASIAN%7CsdFullfilled%3ASnapdeal%7CPrice%3A232%2C475%7CType_s%3ASports%20Shoes%7C&MID=15thDec|WAP|DOD127|All|DOD|BoysSportsShoesBelow499|,,Below Rs. 499,,Kid's Fashion,1,DealofDayOffers
0,0,23,59,,Kittens Bellies for Girls ,https://n2.sdlcdn.com/imgs/b/4/2/230x258/Kittens-Pink-Ballerinas-SDL531543660-1-f5400.jpg,https://n2.sdlcdn.com/imgs/b/4/2/230x258/Kittens-Pink-Ballerinas-SDL531543660-1-f5400.jpg,https://www.snapdeal.com/products/girls-footwear-bellies?sort=plrty&q=sdFullfilled%3ASnapdeal%7CBrand%3AKittens%7Cdiscount%3A50%20-%2060%5E60%20-%2070%7C&MID=15thDec|WEB|DOD128|All|DOD|KittensBelliesforGirlsMin50Off|,https://m.snapdeal.com/products/girls-footwear-bellies?sort=plrty&q=sdFullfilled%3ASnapdeal%7CBrand%3AKittens%7Cdiscount%3A50%20-%2060%5E60%20-%2070%7C&MID=15thDec|WAP|DOD128|All|DOD|KittensBelliesforGirlsMin50Off|,,Min 50% off,,Kid's Fashion,1,DealofDayOffers
0,0,23,59,425503,Orpat OT-400T Check & Correct Calculator,https://n1.sdlcdn.com/imgs/b/u/4/230x258/Orpat-OT-400T-Check-Correct-1534009-1-631da.jpg,https://n1.sdlcdn.com/imgs/b/u/4/230x258/Orpat-OT-400T-Check-Correct-1534009-1-631da.jpg,https://www.snapdeal.com/product/orpat-ot400t-check-correct-calculator/425503?MID=15thDec|WEB|MensFashion88|All|DOD|OrpatOT_400TCheckCorrectCalculator|425503,https://m.snapdeal.com/product/orpat-ot400t-check-correct-calculator/425503?MID=15thDec|WAP|MensFashion88|All|DOD|OrpatOT_400TCheckCorrectCalculator|425503,,,179,Kid's Fashion,1,DealofDayOffers
0,0,23,59,626037175019,Disney Frozen 30 cm (12) School Bag,https://n1.sdlcdn.com/imgs/b/v/8/230x258/Frozen-Pink-Polyester-School-Bag-SDL020014221-1-418cb.jpg,https://n1.sdlcdn.com/imgs/b/v/8/230x258/Frozen-Pink-Polyester-School-Bag-SDL020014221-1-418cb.jpg,https://www.snapdeal.com/product/frozen-pink-polyester-school-bag/626037175019?MID=15thDec|WEB|MensFashion89|All|DOD|DisneyFrozen30cm(12)SchoolBag|626037175019,https://m.snapdeal.com/product/frozen-pink-polyester-school-bag/626037175019?MID=15thDec|WAP|MensFashion89|All|DOD|DisneyFrozen30cm(12)SchoolBag|626037175019,,,434,Kid's Fashion,1,DealofDayOffers
0,0,23,59,623304398969,JM Black Android Smart Watch With Remote Camera,https://n1.sdlcdn.com/imgs/d/d/g/230x258/JM-Black-Android-Smart-Watch-SDL544283167-1-f788e.jpg,https://n1.sdlcdn.com/imgs/d/d/g/230x258/JM-Black-Android-Smart-Watch-SDL544283167-1-f788e.jpg,https://www.snapdeal.com/product/jm-black-android-smart-watch/623304398969?MID=15thDec|WEB|MensFashion90|All|DOD|JMBlackAndroidSmartWatchWithRemoteCamera|623304398969,https://m.snapdeal.com/product/jm-black-android-smart-watch/623304398969?MID=15thDec|WAP|MensFashion90|All|DOD|JMBlackAndroidSmartWatchWithRemoteCamera|623304398969,,,713,Kid's Fashion,1,DealofDayOffers
0,0,23,59,664636981613,Beardo Beard & Mustache Wax- 50g,https://n1.sdlcdn.com/imgs/b/h/c/230x258/Beardo-Beard-Mustache-Wax-50g-SDL630494142-1-67298.jpg,https://n1.sdlcdn.com/imgs/b/h/c/230x258/Beardo-Beard-Mustache-Wax-50g-SDL630494142-1-67298.jpg,https://www.snapdeal.com/product/beardo-beard-mustache-wax-50g/664636981613?MID=15thDec|WEB|MensFashion91|All|DOD|BeardoBeardMustacheWax_50g|664636981613,https://m.snapdeal.com/product/beardo-beard-mustache-wax-50g/664636981613?MID=15thDec|WAP|MensFashion91|All|DOD|BeardoBeardMustacheWax_50g|664636981613,,,560,FMCG,1,DealofDayOffers
0,0,23,59,213689,Livon Advanced Hair Gain Tonic 150ml,https://n1.sdlcdn.com/imgs/d/5/z/230x258/Livon_jas-eedab.jpg,https://n1.sdlcdn.com/imgs/d/5/z/230x258/Livon_jas-eedab.jpg,https://www.snapdeal.com/product/livon-hair-gain-tonic-150ml/213689?MID=15thDec|WEB|MensFashion92|All|DOD|LivonAdvancedHairGainTonic150ml|213689,https://m.snapdeal.com/product/livon-hair-gain-tonic-150ml/213689?MID=15thDec|WAP|MensFashion92|All|DOD|LivonAdvancedHairGainTonic150ml|213689,,,628,FMCG,1,DealofDayOffers
0,0,23,59,401852689,Lakme Eyeconic Curling Mascara 9ml,https://n1.sdlcdn.com/imgs/b/x/c/230x258/Lakme-Eyeconic-Curling-Mascara-9ml-SDL560604218-1-9d509.jpg,https://n1.sdlcdn.com/imgs/b/x/c/230x258/Lakme-Eyeconic-Curling-Mascara-9ml-SDL560604218-1-9d509.jpg,https://www.snapdeal.com/product/lakme-eyeconic-artist-mascara-6/401852689?MID=15thDec|WEB|MensFashion93|All|DOD|LakmeEyeconicCurlingMascara9ml|401852689,https://m.snapdeal.com/product/lakme-eyeconic-artist-mascara-6/401852689?MID=15thDec|WAP|MensFashion93|All|DOD|LakmeEyeconicCurlingMascara9ml|401852689,,,275,FMCG,1,DealofDayOffers
0,0,23,59,619612990348,Fair And Handsome Fairness cream for Men 60 gm - Pack of 2,https://n1.sdlcdn.com/imgs/c/x/q/230x258/F_HPACKof2-ff5bd.jpg,https://n1.sdlcdn.com/imgs/c/x/q/230x258/F_HPACKof2-ff5bd.jpg,https://www.snapdeal.com/product/emami-moisturizer-2-gm-pack/619612990348?MID=15thDec|WEB|MensFashion94|All|DOD|FairAndHandsomeFairnesscreamforMen60gm_Packof2|619612990348,https://m.snapdeal.com/product/emami-moisturizer-2-gm-pack/619612990348?MID=15thDec|WAP|MensFashion94|All|DOD|FairAndHandsomeFairnesscreamforMen60gm_Packof2|619612990348,,,194,FMCG,1,DealofDayOffers
0,0,23,59,1355163416,Bio Oil 60ml Pack of 2,https://n1.sdlcdn.com/imgs/a/l/q/230x258/Bio-Oil-60-ml-SDL356901766-1-3232c.jpg,https://n1.sdlcdn.com/imgs/a/l/q/230x258/Bio-Oil-60-ml-SDL356901766-1-3232c.jpg,https://www.snapdeal.com/product/bio-oil-60-ml/1355163416?MID=15thDec|WEB|MensFashion95|All|DOD|BioOil60mlPackof2|1355163416,https://m.snapdeal.com/product/bio-oil-60-ml/1355163416?MID=15thDec|WAP|MensFashion95|All|DOD|BioOil60mlPackof2|1355163416,,,764,FMCG,,DealofDayOffers
0,0,23,59,603023,JSB H03 Electric Heating Pad,https://n1.sdlcdn.com/imgs/a/l/7/230x258/JSB-H03-Heating-Pad-1749316-1-bb4d6.jpg,https://n1.sdlcdn.com/imgs/a/l/7/230x258/JSB-H03-Heating-Pad-1749316-1-bb4d6.jpg,https://www.snapdeal.com/product/jsb-h03-heating-pad/603023?MID=15thDec|WEB|MensFashion96|All|DOD|JSBH03ElectricHeatingPad|603023,https://m.snapdeal.com/product/jsb-h03-heating-pad/603023?MID=15thDec|WAP|MensFashion96|All|DOD|JSBH03ElectricHeatingPad|603023,,,305,FMCG,1,DealofDayOffers
0,0,23,59,1116077835,JSB HF17 Beauty Massager with Callus Remover,https://n1.sdlcdn.com/imgs/b/m/i/230x258/JSB-HF17-Beauty-Massager-with-SDL900320696-1-08769.jpg,https://n1.sdlcdn.com/imgs/b/m/i/230x258/JSB-HF17-Beauty-Massager-with-SDL900320696-1-08769.jpg,https://www.snapdeal.com/product/jsb-beauty-massager-with-callus/1116077835?MID=15thDec|WEB|MensFashion97|All|DOD|JSBHF17BeautyMassagerwithCallusRemover|1116077835,https://m.snapdeal.com/product/jsb-beauty-massager-with-callus/1116077835?MID=15thDec|WAP|MensFashion97|All|DOD|JSBHF17BeautyMassagerwithCallusRemover|1116077835,,,387,FMCG,,DealofDayOffers
0,0,23,59,654262594682,NIVEA Watermelon Lip Balm 4.8g + NIVEA Soft 25ml,https://n1.sdlcdn.com/imgs/d/2/l/230x258/watermelon-5e82d.jpg,https://n1.sdlcdn.com/imgs/d/2/l/230x258/watermelon-5e82d.jpg,https://www.snapdeal.com/product/nivea-lip-balm-watermelon-colour/654262594682?MID=15thDec|WEB|MensFashion98|All|DOD|NIVEAWatermelonLipBalm48g+NIVEASoft25ml|654262594682,https://m.snapdeal.com/product/nivea-lip-balm-watermelon-colour/654262594682?MID=15thDec|WAP|MensFashion98|All|DOD|NIVEAWatermelonLipBalm48g+NIVEASoft25ml|654262594682,,,159,FMCG,1,DealofDayOffers
0,0,23,59,681527140980,Dr Morepen Blood Pressure Monitor BP-02,https://n1.sdlcdn.com/imgs/c/4/f/230x258/Dr_MorepenBPOneModelBP02_33faf-8df11.jpg,https://n1.sdlcdn.com/imgs/c/4/f/230x258/Dr_MorepenBPOneModelBP02_33faf-8df11.jpg,https://www.snapdeal.com/product/dr-morepen-bp-one-fully/681527140980?MID=15thDec|WEB|MensFashion99|All|DOD|DrMorepenBloodPressureMonitorBP_02|681527140980,https://m.snapdeal.com/product/dr-morepen-bp-one-fully/681527140980?MID=15thDec|WAP|MensFashion99|All|DOD|DrMorepenBloodPressureMonitorBP_02|681527140980,,,1019,FMCG,,DealofDayOffers
0,0,23,59,656999644612,Dr Morepen Glucose Monitor(Meter) BG-03 With 50 Strips,https://n1.sdlcdn.com/imgs/a/v/x/230x258/Dr-Morepen-Glucose-Monitor-SDL806815439-1-76166.jpg,https://n1.sdlcdn.com/imgs/a/v/x/230x258/Dr-Morepen-Glucose-Monitor-SDL806815439-1-76166.jpg,https://www.snapdeal.com/product/dr-morepen-glucose-monitor/656999644612?MID=15thDec|WEB|MobilesTablets100|All|DOD|DrMorepenGlucoseMonitor(Meter)BG_03With50Strips|656999644612,https://m.snapdeal.com/product/dr-morepen-glucose-monitor/656999644612?MID=15thDec|WAP|MobilesTablets100|All|DOD|DrMorepenGlucoseMonitor(Meter)BG_03With50Strips|656999644612,,,713,FMCG,,DealofDayOffers
0,0,23,59,146818,Accu-Chek Active 50 Test Strips- Expiry June 2017,https://n1.sdlcdn.com/imgs/a/m/7/230x258/Accu-Chek-Active-Test-Strip-1207863-1-b9162.jpg,https://n1.sdlcdn.com/imgs/a/m/7/230x258/Accu-Chek-Active-Test-Strip-1207863-1-b9162.jpg,,https://m.snapdeal.com/product/accuchek-active-test-strip-box/146818?MID=15thDec|WAP|MobilesTablets101|All|DOD|Accu_ChekActive50TestStrips_ExpiryJune2017|146818,,,643,FMCG,,DealofDayOffers
0,0,23,59,616204,Dr. Morepen BG 03 -50 Strips (Strips Only Pack),https://n1.sdlcdn.com/imgs/b/t/1/230x258/50strips-62729.jpg,https://n1.sdlcdn.com/imgs/b/t/1/230x258/50strips-62729.jpg,https://www.snapdeal.com/product/dr-morepen-bg03-50-strips/616204?MID=15thDec|WEB|MobilesTablets102|All|DOD|DrMorepenBG03_50Strips(StripsOnlyPack)|616204,https://m.snapdeal.com/product/dr-morepen-bg03-50-strips/616204?MID=15thDec|WAP|MobilesTablets102|All|DOD|DrMorepenBG03_50Strips(StripsOnlyPack)|616204,,,509,FMCG,,DealofDayOffers
0,0,23,59,674858036667,Dhulai Pack -Ariel 1 Kg Frontload+Harpic 1 Ltr+Lizol 975 ml+Dettol Handwash 200ml - Free Ariel Container worth Rs 120,https://n1.sdlcdn.com/imgs/d/9/h/230x258/674858036667_111-bdc58.jpg,https://n1.sdlcdn.com/imgs/d/9/h/230x258/674858036667_111-bdc58.jpg,https://www.snapdeal.com/product/harpic-toilet-cleaner-ready-to/674858036667?MID=15thDec|WEB|MobilesTablets103|All|DOD|DhulaiPack_Ariel1KgFrontload+Harpic1Ltr+Lizol975ml+DettolHandwash200ml_FreeArielContainerworthRs120|674858036667,https://m.snapdeal.com/product/harpic-toilet-cleaner-ready-to/674858036667?MID=15thDec|WAP|MobilesTablets103|All|DOD|DhulaiPack_Ariel1KgFrontload+Harpic1Ltr+Lizol975ml+DettolHandwash200ml_FreeArielContainerworthRs120|674858036667,,,265,FMCG,1,DealofDayOffers
0,0,23,59,632411931273,Perennial Lifesciences Organic Decaffeinated & Unroasted Green Coffee Beans 200 gm,https://n1.sdlcdn.com/imgs/c/p/x/230x258/Perennial-Lifesciences-Organic-Decaffeinated-Green-SDL574395895-1-2428d.jpg,https://n1.sdlcdn.com/imgs/c/p/x/230x258/Perennial-Lifesciences-Organic-Decaffeinated-Green-SDL574395895-1-2428d.jpg,https://www.snapdeal.com/product/perennial-lifesciences-organic-decaffeinated-green/632411931273?MID=15thDec|WEB|MobilesTablets104|All|DOD|PerennialLifesciencesOrganicDecaffeinatedUnroastedGreenCoffeeBeans200gm|632411931273,https://m.snapdeal.com/product/perennial-lifesciences-organic-decaffeinated-green/632411931273?MID=15thDec|WAP|MobilesTablets104|All|DOD|PerennialLifesciencesOrganicDecaffeinatedUnroastedGreenCoffeeBeans200gm|632411931273,,,254,FMCG,1,DealofDayOffers
0,0,23,59,764686145,Sunfeast Yumfills Whoopie Pie 150 gm (Pack of 2),https://n1.sdlcdn.com/imgs/b/f/a/230x258/yumfills_1_-c64ef.jpg,https://n1.sdlcdn.com/imgs/b/f/a/230x258/yumfills_1_-c64ef.jpg,https://www.snapdeal.com/product/sunfeast-yumfills-whoopie-pie/764686145?MID=15thDec|WEB|MobilesTablets105|All|DOD|SunfeastYumfillsWhoopiePie150gm(Packof2)|764686145,https://m.snapdeal.com/product/sunfeast-yumfills-whoopie-pie/764686145?MID=15thDec|WAP|MobilesTablets105|All|DOD|SunfeastYumfillsWhoopiePie150gm(Packof2)|764686145,,,100,FMCG,1,DealofDayOffers
0,0,23,59,648362387865,Nestle MILKMAID 400gm,https://n1.sdlcdn.com/imgs/b/2/k/230x258/SDL041763953_1-af74e.jpg,https://n1.sdlcdn.com/imgs/b/2/k/230x258/SDL041763953_1-af74e.jpg,https://www.snapdeal.com/product/nestle-milkmaid-sweetened-condensed-milk/648362387865?MID=15thDec|WEB|WomensFashion106|All|DOD|NestleMILKMAID400gm|648362387865,https://m.snapdeal.com/product/nestle-milkmaid-sweetened-condensed-milk/648362387865?MID=15thDec|WAP|WomensFashion106|All|DOD|NestleMILKMAID400gm|648362387865,,,101,FMCG,1,DealofDayOffers
0,0,23,59,1270249939,Herbalife Ultimate Weight Management Program Formula 1 Formula 3 -Vanilla(shake 500 gmprotein 200gmafresh lemon 50g),https://n1.sdlcdn.com/imgs/b/4/2/230x258/SDL897547819-3241d.jpg,https://n1.sdlcdn.com/imgs/b/4/2/230x258/SDL897547819-3241d.jpg,https://www.snapdeal.com/product/herbalife-ultimate-weight-management-program/715758985?MID=15thDec|WEB|WomensFashion107|All|DOD|HerbalifeUltimateWeightManagementProgramFormula1Formula3_Vanilla(shake500gmprotein200gmafreshlemon50g)|715758985,https://m.snapdeal.com/product/herbalife-ultimate-weight-management-program/715758985?MID=15thDec|WAP|WomensFashion107|All|DOD|HerbalifeUltimateWeightManagementProgramFormula1Formula3_Vanilla(shake500gmprotein200gmafreshlemon50g)|715758985,,,2090,FMCG,1,DealofDayOffers
0,0,23,59,1990292905,Fair-X Stylish Black Wayfarer For Men & Women,https://n1.sdlcdn.com/imgs/a/s/6/230x258/Fair-x-Stylish-Black-Wayfarer-SDL651646103-1-b5083.jpg,https://n1.sdlcdn.com/imgs/a/s/6/230x258/Fair-x-Stylish-Black-Wayfarer-SDL651646103-1-b5083.jpg,https://www.snapdeal.com/product/fairx-stylish-black-wayfarer-for/620386653031?MID=15thDec|WEB|WomensFashion108|All|DOD|Fair_XStylishBlackWayfarerForMenWomen|620386653031,https://m.snapdeal.com/product/fairx-stylish-black-wayfarer-for/620386653031?MID=15thDec|WAP|WomensFashion108|All|DOD|Fair_XStylishBlackWayfarerForMenWomen|620386653031,,,138,Women's Fashion,1,DealofDayOffers
0,0,23,59,658132561143,YouBella American Diamond Mangalsutra Set with AD Studs and Bali- Combo of 3,https://n1.sdlcdn.com/imgs/d/1/x/230x258/SDL464585586_Main-c1b49.jpg,https://n1.sdlcdn.com/imgs/d/1/x/230x258/SDL464585586_Main-c1b49.jpg,https://www.snapdeal.com/product/youbella-alloy-white-american-diamonds/658132561143?MID=15thDec|WEB|WomensFashion109|All|DOD|YouBellaAmericanDiamondMangalsutraSetwithADStudsandBali_Comboof3|658132561143,https://m.snapdeal.com/product/youbella-alloy-white-american-diamonds/658132561143?MID=15thDec|WAP|WomensFashion109|All|DOD|YouBellaAmericanDiamondMangalsutraSetwithADStudsandBali_Comboof3|658132561143,,,281,Women's Fashion,1,DealofDayOffers
0,0,23,59,643524383201,Venicce Black Faux Leather Handheld,https://n1.sdlcdn.com/imgs/b/6/w/230x258/Venicce-Black-Faux-Leather-Handheld-SDL484529134-1-79526.jpg,https://n1.sdlcdn.com/imgs/b/6/w/230x258/Venicce-Black-Faux-Leather-Handheld-SDL484529134-1-79526.jpg,https://www.snapdeal.com/product/venicce-black-faux-leather-handheld/643524383201?MID=15thDec|WEB|WomensFashion110|All|DOD|VenicceBlackFauxLeatherHandheld|643524383201,https://m.snapdeal.com/product/venicce-black-faux-leather-handheld/643524383201?MID=15thDec|WAP|WomensFashion110|All|DOD|VenicceBlackFauxLeatherHandheld|643524383201,,,662,Women's Fashion,1,DealofDayOffers
0,0,23,59,1270249939,4.50CTW Genuine Blue Topaz .925 Sterling Silver Oval Shape Pendant Set,https://n1.sdlcdn.com/imgs/a/l/9/230x258/4-50CTW-Genuine-Blue-Topaz-SDL162978620-1-2c044.jpg,https://n1.sdlcdn.com/imgs/a/l/9/230x258/4-50CTW-Genuine-Blue-Topaz-SDL162978620-1-2c044.jpg,https://www.snapdeal.com/product/450ctw-genuine-blue-topaz-925/1270249939?MID=15thDec|WEB|WomensFashion111|All|DOD|450CTWGenuineBlueTopaz925SterlingSilverOvalShapePendantSet|1270249939,https://m.snapdeal.com/product/450ctw-genuine-blue-topaz-925/1270249939?MID=15thDec|WAP|WomensFashion111|All|DOD|450CTWGenuineBlueTopaz925SterlingSilverOvalShapePendantSet|1270249939,,,866,Women's Fashion,1,DealofDayOffers
0,0,23,59,1990292905,La Zoire Maroon Lace Dresses,https://n1.sdlcdn.com/imgs/a/r/6/230x258/La-Zoire-Maroon-Lace-3-SDL757592678-1-534a0.jpg,https://n1.sdlcdn.com/imgs/a/r/6/230x258/La-Zoire-Maroon-Lace-3-SDL757592678-1-534a0.jpg,https://www.snapdeal.com/product/la-zoire-maroon-lace-3th/1990292905?MID=15thDec|WEB|WomensFashion112|All|DOD|LaZoireMaroonLaceDresses|1990292905,https://m.snapdeal.com/product/la-zoire-maroon-lace-3th/1990292905?MID=15thDec|WAP|WomensFashion112|All|DOD|LaZoireMaroonLaceDresses|1990292905,,,509,Women's Fashion,1,DealofDayOffers
0,0,23,59,622726308598,Campus Sutra Black Cotton Short Coats,https://n1.sdlcdn.com/imgs/c/7/k/230x258/Campus-Sutra-Black-Cotton-Short-SDL781165883-1-d8ad2.jpg,https://n1.sdlcdn.com/imgs/c/7/k/230x258/Campus-Sutra-Black-Cotton-Short-SDL781165883-1-d8ad2.jpg,https://www.snapdeal.com/product/campus-sutra-black-cotton-short/622726308598?MID=15thDec|WEB|WomensFashion113|All|DOD|CampusSutraBlackCottonShortCoats|622726308598,https://m.snapdeal.com/product/campus-sutra-black-cotton-short/622726308598?MID=15thDec|WAP|WomensFashion113|All|DOD|CampusSutraBlackCottonShortCoats|622726308598,,,1529,Women's Fashion,1,DealofDayOffers
0,0,23,59,1609052480,Purys Pink Polyester Shirts,https://n1.sdlcdn.com/imgs/a/q/x/230x258/Purys-Pink-Rose-Shirt-SDL531946891-1-ff228.jpg,https://n1.sdlcdn.com/imgs/a/q/x/230x258/Purys-Pink-Rose-Shirt-SDL531946891-1-ff228.jpg,https://www.snapdeal.com/product/purys-pink-rose-shirt/1609052480?MID=15thDec|WEB|WomensFashion114|All|DOD|PurysPinkPolyesterShirts|1609052480,https://m.snapdeal.com/product/purys-pink-rose-shirt/1609052480?MID=15thDec|WAP|WomensFashion114|All|DOD|PurysPinkPolyesterShirts|1609052480,,,490,Women's Fashion,1,DealofDayOffers
0,0,23,59,129081360,At499 Pink Poly Cotton Tops,https://n1.sdlcdn.com/imgs/a/g/u/230x258/SDL728875202_1389587399_image1-7de6b.JPG,https://n1.sdlcdn.com/imgs/a/g/u/230x258/SDL728875202_1389587399_image1-7de6b.JPG,https://www.snapdeal.com/product/499-pink-poly-georgette-top/129081360?MID=15thDec|WEB|WomensFashion115|All|DOD|At499PinkPolyCottonTops|129081360,https://m.snapdeal.com/product/499-pink-poly-georgette-top/129081360?MID=15thDec|WAP|WomensFashion115|All|DOD|At499PinkPolyCottonTops|129081360,,,356,Women's Fashion,1,DealofDayOffers
0,0,23,59,671845621776,Reya Turquoise Georgette Anarkali Semi-Stitched Suit,https://n1.sdlcdn.com/imgs/a/3/n/230x258/Reya-Turquoise-Pure-Georgette-Unstitched-SDL030014617-1-0a855.jpg,https://n1.sdlcdn.com/imgs/a/3/n/230x258/Reya-Turquoise-Pure-Georgette-Unstitched-SDL030014617-1-0a855.jpg,https://www.snapdeal.com/product/reya-turquoise-pure-georgette-unstitched/671845621776?MID=15thDec|WEB|WomensFashion116|All|DOD|ReyaTurquoiseGeorgetteAnarkaliSemi_StitchedSuit|671845621776,https://m.snapdeal.com/product/reya-turquoise-pure-georgette-unstitched/671845621776?MID=15thDec|WAP|WomensFashion116|All|DOD|ReyaTurquoiseGeorgetteAnarkaliSemi_StitchedSuit|671845621776,,,815,Women's Fashion,1,DealofDayOffers
0,0,23,59,668325369099,Ombresplash Yellow Georgette Semi Stitched Dress Material,https://n1.sdlcdn.com/imgs/a/v/y/230x258/Ombresplash-Yellow-Embroidered-Pure-Georgette-SDL652103142-1-235a2.jpg,https://n1.sdlcdn.com/imgs/a/v/y/230x258/Ombresplash-Yellow-Embroidered-Pure-Georgette-SDL652103142-1-235a2.jpg,https://www.snapdeal.com/product/ombresplash-yellow-embroidered-pure-georgette/668325369099?MID=15thDec|WEB|WomensFashion117|All|DOD|OmbresplashYellowGeorgetteSemiStitchedDressMaterial|668325369099,https://m.snapdeal.com/product/ombresplash-yellow-embroidered-pure-georgette/668325369099?MID=15thDec|WAP|WomensFashion117|All|DOD|OmbresplashYellowGeorgetteSemiStitchedDressMaterial|668325369099,,,815,Women's Fashion,1,DealofDayOffers
0,0,23,59,673039364752,Stylum Cotton Straight Kurti  Pink and Black,https://n1.sdlcdn.com/imgs/b/s/6/230x258/Stylum-Black-And-Pink-Cotton-SDL071759236-1-4865f.jpg,https://n1.sdlcdn.com/imgs/b/s/6/230x258/Stylum-Black-And-Pink-Cotton-SDL071759236-1-4865f.jpg,https://www.snapdeal.com/product/stylum-black-cotton-kurti/673039364752?MID=15thDec|WEB|WomensFashion118|All|DOD|StylumCottonStraightKurtiPinkandBlack|673039364752,https://m.snapdeal.com/product/stylum-black-cotton-kurti/673039364752?MID=15thDec|WAP|WomensFashion118|All|DOD|StylumCottonStraightKurtiPinkandBlack|673039364752,,,623,Women's Fashion,1,DealofDayOffers
0,0,23,59,664418324545,Riytham Fashion Blue Cotton Saree,https://n1.sdlcdn.com/imgs/a/3/i/230x258/Riytham-Fashion-Blue-Cotton-Saree-SDL936700932-1-7e885.jpg,https://n1.sdlcdn.com/imgs/a/3/i/230x258/Riytham-Fashion-Blue-Cotton-Saree-SDL936700932-1-7e885.jpg,https://www.snapdeal.com/product/riytham-fashion-blue-cotton-saree/664418324545?MID=15thDec|WEB|WomensFashion119|All|DOD|RiythamFashionBlueCottonSaree|664418324545,https://m.snapdeal.com/product/riytham-fashion-blue-cotton-saree/664418324545?MID=15thDec|WAP|WomensFashion119|All|DOD|RiythamFashionBlueCottonSaree|664418324545,,,336,Women's Fashion,1,DealofDayOffers
0,0,23,59,659996223656,Sukkhi Golden Alloy Necklace Set for Women - Set of 3,https://n1.sdlcdn.com/imgs/c/b/z/230x258/Sukkhi-Golden-Alloy-Necklace-Set-SDL267550381-1-3e5bb.jpg,https://n1.sdlcdn.com/imgs/c/b/z/230x258/Sukkhi-Golden-Alloy-Necklace-Set-SDL267550381-1-3e5bb.jpg,https://www.snapdeal.com/product/sukkhi-golden-alloy-necklace-set/659996223656?MID=15thDec|WEB|Books120|All|DOD|SukkhiGoldenAlloyNecklaceSetforWomen_Setof3|659996223656,https://m.snapdeal.com/product/sukkhi-golden-alloy-necklace-set/659996223656?MID=15thDec|WAP|Books120|All|DOD|SukkhiGoldenAlloyNecklaceSetforWomen_Setof3|659996223656,,,346,Women's Fashion,1,DealofDayOffers
0,0,23,59,640724990952,Vogue Tree Pink Sling Bag,https://n1.sdlcdn.com/imgs/b/a/0/230x258/Vogue-Tree-Pink-Sling-Bag-SDL966298470-1-8c75c.jpg,https://n1.sdlcdn.com/imgs/b/a/0/230x258/Vogue-Tree-Pink-Sling-Bag-SDL966298470-1-8c75c.jpg,https://www.snapdeal.com/product/vogue-tree-pink-sling-bag/640724990952?MID=15thDec|WEB|DOD121|All|DOD|VogueTreePinkSlingBag|640724990952,https://m.snapdeal.com/product/vogue-tree-pink-sling-bag/640724990952?MID=15thDec|WAP|DOD121|All|DOD|VogueTreePinkSlingBag|640724990952,,,336,Women's Fashion,1,DealofDayOffers
0,0,23,59,665932358757,Rapidex English Speaking Course Papeback (Hindi) 2014,https://n1.sdlcdn.com/imgs/b/f/t/230x258/Rapidex-English-Speaking-Course-Hindi-SDL299222137-1-7becb.jpg,https://n1.sdlcdn.com/imgs/b/f/t/230x258/Rapidex-English-Speaking-Course-Hindi-SDL299222137-1-7becb.jpg,https://www.snapdeal.com/product/rapidex-english-speaking-course-hindi/665932358757?MID=15thDec|WEB|DOD122|All|DOD|RapidexEnglishSpeakingCoursePapeback(Hindi)2014|665932358757,https://m.snapdeal.com/product/rapidex-english-speaking-course-hindi/665932358757?MID=15thDec|WAP|DOD122|All|DOD|RapidexEnglishSpeakingCoursePapeback(Hindi)2014|665932358757,,,124,Books,,DealofDayOffers
0,0,23,59,658187046928,Double Down (Diary of a Wimpy Kid book 11),https://n1.sdlcdn.com/imgs/b/y/1/230x258/Diary-of-a-Wimpy-Kid-SDL182448723-1-d827c.jpg,https://n1.sdlcdn.com/imgs/b/y/1/230x258/Diary-of-a-Wimpy-Kid-SDL182448723-1-d827c.jpg,https://www.snapdeal.com/product/elevate-the-three-disciplines-of/658187046928?MID=15thDec|WEB|DOD123|All|DOD|DoubleDown(DiaryofaWimpyKidbook11)|658187046928,https://m.snapdeal.com/product/elevate-the-three-disciplines-of/658187046928?MID=15thDec|WAP|DOD123|All|DOD|DoubleDown(DiaryofaWimpyKidbook11)|658187046928,,,245,Books,,DealofDayOffers
0,0,23,59,647790535085,The Spy by Paulo Coelho Paperback English,https://n1.sdlcdn.com/imgs/c/y/l/230x258/The-Spy-by-Paulo-Coelho-SDL732384487-1-35c3e.jpg,https://n1.sdlcdn.com/imgs/c/y/l/230x258/The-Spy-by-Paulo-Coelho-SDL732384487-1-35c3e.jpg,https://www.snapdeal.com/product/the-spy-bypaulocoelho-paperback-english/647790535085?MID=15thDec|WEB|DOD124|All|DOD|TheSpyby?Paulo?CoelhoPaperbackEnglish|647790535085,https://m.snapdeal.com/product/the-spy-bypaulocoelho-paperback-english/647790535085?MID=15thDec|WAP|DOD124|All|DOD|TheSpyby?Paulo?CoelhoPaperbackEnglish|647790535085,,,165,Books,,DealofDayOffers
0,0,23,59,660594586288,Kiran's SSC Mathematics Chapterwise Solved Papers 1999 - till date (English) Paperback,https://n1.sdlcdn.com/imgs/b/p/y/230x258/Kiran-s-SSC-Mathematics-Chapterwise-SDL571841768-1-f403d.jpg,https://n1.sdlcdn.com/imgs/b/p/y/230x258/Kiran-s-SSC-Mathematics-Chapterwise-SDL571841768-1-f403d.jpg,https://www.snapdeal.com/product/kirans-ssc-mathematics-chapterwise-solved/660594586288?MID=15thDec|WEB|DOD125|All|DOD|KiransSSCMathematicsChapterwiseSolvedPapers1999_tilldate(English)Paperback|660594586288,https://m.snapdeal.com/product/kirans-ssc-mathematics-chapterwise-solved/660594586288?MID=15thDec|WAP|DOD125|All|DOD|KiransSSCMathematicsChapterwiseSolvedPapers1999_tilldate(English)Paperback|660594586288,,,277,Books,,DealofDayOffers
0,0,23,59,956190315,GATE - Electrical - English (Practice Guru Online Test Prep - 50 Topic Wise Tests + 5 Mock Papers + 10 Previous Year Papers),https://n1.sdlcdn.com/imgs/a/z/i/230x258/GATE-Electrical-English-Practice-Guru-SDL124616386-1-d4cdc.jpg,https://n1.sdlcdn.com/imgs/a/z/i/230x258/GATE-Electrical-English-Practice-Guru-SDL124616386-1-d4cdc.jpg,https://www.snapdeal.com/product/gate-electricalenglish/956190315?MID=15thDec|WEB|DOD126|All|DOD|GATE_Electrical_English(PracticeGuruOnlineTestPrep_50TopicWiseTests+5MockPapers+10PreviousYearPapers)|956190315,https://m.snapdeal.com/product/gate-electricalenglish/956190315?MID=15thDec|WAP|DOD126|All|DOD|GATE_Electrical_English(PracticeGuruOnlineTestPrep_50TopicWiseTests+5MockPapers+10PreviousYearPapers)|956190315,,,407,Books,,DealofDayOffers
